seed,l0,l2,l_inf,minimum_change,true_label,adv_label,position_adv_label_in_original_pred,first_largest,second_largest,third_largest,fourth_largest,fifth_largest,last_largest,alpha,iter
2,431,0.7236861512568501,0.03529411764705882,0.0039215686274509665,4,6,2,0.93381023,0.039859526,0.017674755,0.0064749056,0.0011321869,3.870323e-07,0.00392156862745098,8
9,504,0.7770150596493945,0.03529411764705882,0.007843137254901933,4,2,2,0.9989619,0.0006029914,0.00028399564,6.792477e-05,4.0794308e-05,2.1307754e-11,0.00392156862745098,8
26,372,0.6705079644652848,0.03529411764705882,0.0039215686274509665,4,2,2,0.98437333,0.013997759,0.0004783981,0.00036918325,0.00033964324,1.4470106e-08,0.00392156862745098,8
53,456,0.7428966447875508,0.03529411764705882,0.0039215686274509665,4,3,2,0.94226134,0.034128867,0.018792802,0.0023740847,0.0012913404,4.1903803e-07,0.00392156862745098,8
64,479,0.5870183490310945,0.027450980392156862,0.0039215686274509665,4,9,2,0.9992798,0.00037899654,0.0001404442,0.0001155333,6.809142e-05,1.5171584e-17,0.00392156862745098,6
106,499,0.7660420704319467,0.03529411764705882,0.0039215686274509665,6,2,2,0.9998253,0.00017177057,2.9474766e-06,2.4769472e-08,1.10927525e-08,1.1675574e-11,0.00392156862745098,8
126,523,0.6086522129589841,0.027450980392156862,0.0039215686274509665,6,5,2,0.9999777,1.7419348e-05,4.1025437e-06,7.527365e-07,9.236526e-08,1.4929402e-12,0.00392156862745098,6
127,465,0.653267892115987,0.03137254901960784,0.0039215686274509665,4,2,2,0.9997913,0.00014552385,3.781968e-05,1.8484914e-05,4.9215387e-06,2.736048e-19,0.00392156862745098,7
150,525,0.5227467160882829,0.023529411764705882,0.0039215686274509665,4,6,2,0.99973506,0.00010633297,7.986515e-05,7.454011e-05,3.7821032e-06,4.259481e-17,0.00392156862745098,5
163,423,0.7801753566230417,0.0392156862745098,0.007843137254901933,4,2,2,0.9894594,0.0082481215,0.0006704585,0.0005121682,0.0004190707,1.3158737e-07,0.00392156862745098,9
217,414,0.6177061907579767,0.03137254901960784,0.0039215686274509665,4,2,2,0.99921286,0.0007606944,1.5403128e-05,9.633131e-06,6.8014106e-07,5.743981e-14,0.00392156862745098,7
274,494,0.600281876630467,0.027450980392156862,0.007843137254901933,6,2,2,0.8279743,0.090743065,0.05163342,0.024404556,0.004132666,3.4576078e-07,0.00392156862745098,6
292,452,0.3246386214318661,0.01568627450980392,0.0039215686274509665,4,6,2,0.9734883,0.022898758,0.0018703426,0.000790347,0.00059685233,3.3703204e-10,0.00392156862745098,3
297,468,0.6607930411944736,0.03137254901960784,0.0039215686274509665,4,2,2,0.99945396,0.0004609411,7.743647e-05,2.2658444e-06,2.2359636e-06,1.6620237e-13,0.00392156862745098,7
299,511,0.8579187641733906,0.0392156862745098,0.007843137254901933,6,2,2,0.9960594,0.0035122852,0.00034619647,7.6272394e-05,5.4748684e-06,3.995409e-17,0.00392156862745098,9
304,441,0.49411764705882333,0.023529411764705882,0.0235294117647058,9,5,3,0.80359364,0.1776741,0.012709769,0.002804238,0.0016413346,6.463256e-08,0.00392156862745098,5
364,514,0.7943669422301707,0.03529411764705882,0.0039215686274509665,9,0,2,0.79177207,0.16795252,0.025139557,0.006237984,0.005945697,1.4683404e-06,0.00392156862745098,8
392,470,0.6607232182147394,0.03137254901960784,0.0039215686274509665,3,2,2,1.0,1.5248611e-08,2.174127e-10,1.4237612e-11,3.9973407e-12,1.7774252e-28,0.00392156862745098,7
394,452,0.739233889618278,0.03529411764705882,0.007843137254901933,1,2,2,0.9880707,0.008187894,0.0033829531,0.0002434812,6.323579e-05,6.882869e-07,0.00392156862745098,8
402,448,0.6465238430133683,0.03137254901960784,0.0039215686274509665,4,2,2,0.99855155,0.0012922296,9.929155e-05,2.273592e-05,9.989805e-06,1.0953126e-11,0.00392156862745098,7
412,483,0.5151156165597031,0.023529411764705896,0.0039215686274509665,4,5,3,0.9805162,0.009122896,0.007410721,0.0024151215,0.00025745505,4.6781304e-07,0.00392156862745098,5
414,397,0.5994743307928265,0.03137254901960784,0.007843137254901933,4,2,2,0.9734412,0.018173069,0.003733459,0.002269263,0.0012437126,3.5775392e-09,0.00392156862745098,7
482,491,0.8526503899183481,0.0392156862745098,0.0039215686274509665,9,7,2,0.8805697,0.1180255,0.0011369559,0.00023527426,2.8839508e-05,5.2855805e-13,0.00392156862745098,9
503,502,0.7683372801615965,0.03529411764705882,0.0039215686274509665,8,5,2,0.9883167,0.0029354389,0.001990038,0.0019515135,0.0014968611,8.424474e-07,0.00392156862745098,8
529,474,0.8266700152478959,0.0392156862745098,0.0039215686274509665,9,7,2,0.61700076,0.3668751,0.015251274,0.00041908975,0.00036334925,3.6214835e-13,0.00392156862745098,9
531,497,0.7719117506976111,0.03529411764705882,0.0039215686274509665,4,6,2,0.999343,0.00057547435,3.410316e-05,1.615168e-05,1.5597758e-05,2.969827e-15,0.00392156862745098,8
569,502,0.6824881542841434,0.03137254901960784,0.0039215686274509665,4,2,2,0.9993838,0.00036431898,9.332637e-05,7.72966e-05,5.236009e-05,6.0629744e-14,0.00392156862745098,7
576,508,0.4373208426494318,0.019607843137254916,0.0039215686274509665,4,3,4,0.92505044,0.039634477,0.020910421,0.011515744,0.0014323341,5.1932545e-07,0.00392156862745098,4
590,445,0.7321370130793818,0.03529411764705882,0.0039215686274509665,4,2,2,0.98927957,0.007675303,0.0022217042,0.00047299292,0.00015693577,2.5544074e-08,0.00392156862745098,8
592,475,0.674338783608666,0.03137254901960786,0.0039215686274509665,6,2,2,0.99523515,0.0033331495,0.0012398629,0.00017179662,1.5338122e-05,5.740014e-10,0.00392156862745098,7
605,466,0.8266886182299572,0.0392156862745098,0.0039215686274509665,4,9,2,0.6165368,0.2550571,0.061980426,0.03833528,0.01412995,6.471386e-09,0.00392156862745098,9
621,509,0.8684127561877312,0.03921568627450982,0.0039215686274509665,9,3,2,0.97305375,0.024935283,0.0014901839,0.00038854498,0.00012636845,4.1205305e-16,0.00392156862745098,9
655,496,0.6006532391700635,0.027450980392156862,0.0039215686274509665,4,6,2,0.99373573,0.005769644,0.0002477545,9.865158e-05,7.094983e-05,1.4868182e-10,0.00392156862745098,6
661,435,0.4907447909320988,0.023529411764705882,0.0235294117647058,4,3,2,0.9797901,0.018132579,0.0017688352,0.0002257056,3.6618956e-05,3.6558896e-09,0.00392156862745098,5
663,427,0.7069708383262718,0.03529411764705882,0.0039215686274509665,4,2,2,0.9996308,0.00029864412,3.3199933e-05,2.6590003e-05,5.1757456e-06,6.3325766e-16,0.00392156862745098,8
700,409,0.7781226236127121,0.0392156862745098,0.0039215686274509665,4,9,2,0.43413162,0.34189922,0.11240521,0.08791784,0.014164727,1.7987037e-07,0.00392156862745098,9
739,562,0.8077003490790031,0.03529411764705882,0.0039215686274509665,6,2,2,0.9998815,0.00011749615,9.2795915e-07,4.0519954e-08,1.3608534e-09,4.624976e-22,0.00392156862745098,8
742,461,0.5794374766200427,0.027450980392156862,0.0039215686274509665,4,9,2,0.91314477,0.038384803,0.031069474,0.010042571,0.0065617785,3.514754e-14,0.00392156862745098,6
744,446,0.4969108725163027,0.023529411764705882,0.0235294117647058,9,8,2,0.8907672,0.089443095,0.013146331,0.004737714,0.0011271203,7.008847e-11,0.00392156862745098,5
749,450,0.5560889404134324,0.027450980392156862,0.0039215686274509665,4,3,2,0.9912151,0.008748585,2.2633712e-05,7.0093643e-06,3.252763e-06,4.1821917e-15,0.00392156862745098,6
751,477,0.7402110114063083,0.03529411764705882,0.0039215686274509665,5,6,2,1.0,3.9758906e-08,4.6555693e-09,5.446863e-11,1.7285695e-12,4.1595734e-20,0.00392156862745098,8
757,484,0.7410519658887857,0.03529411764705884,0.0039215686274509665,5,6,2,1.0,5.0744283e-08,7.731527e-09,3.6986623e-09,3.141919e-09,6.510519e-18,0.00392156862745098,8
841,518,0.5135608177925013,0.023529411764705882,0.0039215686274509665,6,2,2,1.0,7.740819e-10,6.9450884e-10,1.6831045e-10,1.2818013e-11,9.910362e-19,0.00392156862745098,5
842,455,0.4053088683201322,0.0196078431372549,0.007843137254901933,4,6,2,0.977545,0.019482652,0.0014633955,0.0005207215,0.00029334667,1.0020205e-10,0.00392156862745098,4
843,541,0.8057750035843646,0.03529411764705882,0.0039215686274509665,3,2,2,0.55506295,0.35891673,0.05859746,0.015622789,0.010826309,2.9706927e-12,0.00392156862745098,8
864,485,0.3441832795910038,0.01568627450980392,0.0039215686274509665,9,3,2,0.9681454,0.018893866,0.0077172113,0.003748371,0.00126683,2.1412092e-10,0.00392156862745098,3
879,510,0.6937298129970945,0.03137254901960784,0.0039215686274509665,5,8,2,0.99725395,0.0017235316,0.00044534687,0.0003627351,0.00012185108,8.776154e-10,0.00392156862745098,7
894,471,0.6503540572997236,0.03137254901960784,0.0039215686274509665,4,6,2,0.9946261,0.005314977,2.9237126e-05,1.3771131e-05,9.495437e-06,2.7864499e-12,0.00392156862745098,7
897,535,0.8897381563854071,0.0392156862745098,0.0039215686274509665,4,0,3,0.99862134,0.0012764005,2.916749e-05,2.9125378e-05,2.2681288e-05,2.5635495e-14,0.00392156862745098,9
900,509,0.616360315437935,0.027450980392156862,0.0039215686274509665,9,3,2,0.9224341,0.062252365,0.0057806587,0.0057317414,0.0024368172,3.9950873e-08,0.00392156862745098,6
937,541,0.720992950239114,0.03137254901960784,0.0039215686274509665,4,6,3,0.99872774,0.0008616532,0.00020823073,0.00010885883,5.6403256e-05,1.97212e-14,0.00392156862745098,7
939,504,0.5218191938301964,0.023529411764705882,0.0039215686274509665,6,2,2,0.9666344,0.0111192,0.010932228,0.010878106,0.00017417497,1.6578479e-06,0.00392156862745098,5
947,480,0.7621879108069333,0.03529411764705882,0.0039215686274509665,5,8,2,0.9959144,0.0025461668,0.0008939855,0.00038522124,0.00013809532,6.3256775e-11,0.00392156862745098,8
967,491,0.5074606781508108,0.023529411764705882,0.0039215686274509665,4,6,2,0.9993624,0.0005677247,3.241102e-05,1.9297091e-05,1.2577746e-05,5.96282e-17,0.00392156862745098,5
968,458,0.7439929886024331,0.03529411764705882,0.0039215686274509665,7,3,2,0.9805854,0.010185375,0.0075662485,0.0014198429,0.000106139654,2.4278095e-12,0.00392156862745098,8
987,461,0.7404395132744779,0.03529411764705882,0.0039215686274509665,4,2,2,0.99900323,0.00078278204,6.184292e-05,5.5291337e-05,5.205556e-05,5.649908e-13,0.00392156862745098,8
991,450,0.40201338728017444,0.0196078431372549,0.0039215686274509665,4,0,2,0.9737683,0.026054464,0.00010481606,5.4192056e-05,1.0940714e-05,2.6407137e-15,0.00392156862745098,4
1055,494,0.5993203891688564,0.027450980392156862,0.0039215686274509665,3,2,2,0.6166684,0.37970802,0.003504267,0.00011817408,7.485321e-07,1.4172456e-13,0.00392156862745098,6
1091,512,0.8592173866334817,0.03921568627450982,0.0039215686274509665,6,2,2,1.0,2.5306242e-09,2.2201943e-10,6.5922386e-11,2.5583235e-11,9.146965e-20,0.00392156862745098,9
1094,495,0.7645248654531734,0.03529411764705882,0.0039215686274509665,4,6,3,0.9961908,0.0021527244,0.0010570483,0.00045347618,8.233781e-05,9.735589e-10,0.00392156862745098,8
1099,458,0.8104849246894033,0.0392156862745098,0.0039215686274509665,4,2,2,0.9989458,0.0010180649,2.1685559e-05,8.253965e-06,2.4689714e-06,3.312859e-14,0.00392156862745098,9
1111,437,0.6464167937795832,0.03137254901960784,0.0039215686274509665,5,7,2,0.7639807,0.10752439,0.09008419,0.034271274,0.0033181831,1.661721e-05,0.00392156862745098,7
1133,447,0.736294743984515,0.03529411764705882,0.0039215686274509665,4,2,2,0.99230886,0.0043060477,0.0017066096,0.0010351214,0.00042838088,1.735428e-08,0.00392156862745098,8
1138,439,0.5654678954564994,0.027450980392156862,0.0039215686274509665,9,3,2,0.5048372,0.48590535,0.0073826043,0.0012301988,0.00031971966,1.1076026e-11,0.00392156862745098,6
1146,477,0.8285746482438483,0.0392156862745098,0.0039215686274509665,6,2,2,0.99998033,1.9112495e-05,4.376592e-07,1.6974187e-07,1.468291e-08,1.9097343e-12,0.00392156862745098,9
1151,480,0.8339490228442054,0.0392156862745098,0.0039215686274509665,3,2,2,0.78867644,0.21131474,7.2487355e-06,1.2797525e-06,2.988047e-07,1.6581228e-20,0.00392156862745098,9
1163,475,0.5889668653444465,0.027450980392156862,0.0039215686274509665,4,2,2,0.9988368,0.0009738241,0.00014760681,3.527211e-05,2.5578265e-06,3.263591e-12,0.00392156862745098,6
1170,503,0.7827729964771649,0.03529411764705882,0.0039215686274509665,8,0,2,0.9971877,0.0022603995,0.00035155675,0.00019921709,9.934504e-07,5.108655e-12,0.00392156862745098,8
1184,485,0.7519703708773575,0.03529411764705882,0.007843137254901933,6,2,2,0.9999018,8.029028e-05,1.556682e-05,1.498597e-06,6.928561e-07,2.3311068e-11,0.00392156862745098,8
1224,513,0.699953313102292,0.03137254901960784,0.0039215686274509665,6,2,2,0.99951863,0.00022607372,0.0001298933,7.3007046e-05,2.798479e-05,1.4768261e-08,0.00392156862745098,7
1227,501,0.424725978558817,0.0196078431372549,0.007843137254901933,4,6,2,0.99037826,0.005986308,0.003285928,0.00019852052,5.7176847e-05,6.085337e-10,0.00392156862745098,4
1232,534,0.539012439413385,0.023529411764705882,0.007843137254901933,4,6,2,0.99851996,0.0010685184,0.00036169356,2.6910753e-05,6.5868817e-06,1.3450616e-10,0.00392156862745098,5
1260,485,0.6748745024093784,0.03137254901960784,0.0039215686274509665,3,2,2,0.9031364,0.09684222,1.5795327e-05,3.4788684e-06,1.8666806e-06,4.408742e-17,0.00392156862745098,7
1271,506,0.573877052340815,0.027450980392156862,0.007843137254901933,4,6,2,0.9979944,0.0020021293,2.8713616e-06,3.1433513e-07,1.6659082e-07,2.7050611e-21,0.00392156862745098,6
1316,553,0.6399130083131461,0.027450980392156862,0.0039215686274509665,9,8,2,0.929837,0.04292938,0.026724247,0.0002527566,0.00016996534,5.026863e-11,0.00392156862745098,6
1325,430,0.7765201014120379,0.0392156862745098,0.0039215686274509665,5,2,2,0.9997435,0.000104060615,9.897955e-05,3.9086237e-05,1.2691839e-05,8.928442e-16,0.00392156862745098,9
1342,518,0.5355203141995782,0.023529411764705882,0.0235294117647058,7,8,3,0.5833113,0.25727296,0.13295858,0.02316743,0.0018510044,1.6374489e-14,0.00392156862745098,5
1411,491,0.8496058294053046,0.0392156862745098,0.007843137254901933,4,6,2,0.9946603,0.0052829585,2.467224e-05,1.08298145e-05,8.376545e-06,2.2921913e-14,0.00392156862745098,9
1426,536,0.8036441415140945,0.03529411764705882,0.0039215686274509665,9,5,2,0.99603564,0.0018878051,0.0015166871,0.0003143398,0.00022164032,8.4866454e-14,0.00392156862745098,8
1431,549,0.7166391722415679,0.03137254901960786,0.0039215686274509665,4,6,2,0.9997148,0.00018427029,6.652464e-05,2.0037949e-05,9.873579e-06,3.8337587e-16,0.00392156862745098,7
1433,406,0.7783004779562499,0.0392156862745098,0.0039215686274509665,5,2,2,0.9779279,0.017020421,0.0044869105,0.00017855485,0.00017759702,6.1877287e-10,0.00392156862745098,9
1456,497,0.8388674373643324,0.0392156862745098,0.0039215686274509665,6,5,2,0.9999999,8.8763066e-08,1.3578416e-08,1.3555489e-08,3.9582733e-09,3.092151e-17,0.00392156862745098,9
1504,515,0.8537138713215852,0.0392156862745098,0.0039215686274509665,6,2,2,0.9980142,0.001965868,1.05900335e-05,8.997078e-06,3.9426527e-07,9.285585e-20,0.00392156862745098,9
1511,541,0.7156513555811218,0.03137254901960786,0.0039215686274509665,4,6,2,0.9983382,0.00072950596,0.00062572636,0.00016710568,6.774738e-05,8.962632e-11,0.00392156862745098,7
1537,542,0.5371117599493549,0.023529411764705882,0.007843137254901933,4,6,2,0.999853,0.000104146675,3.9728642e-05,1.5863321e-06,8.5011516e-07,5.9635176e-17,0.00392156862745098,5
1582,503,0.42892352940728246,0.019607843137254916,0.0039215686274509665,6,2,2,0.99988437,6.557845e-05,2.1267437e-05,1.6019201e-05,6.1970027e-06,4.905403e-10,0.00392156862745098,4
1585,516,0.7884498781176444,0.03529411764705882,0.0039215686274509665,9,8,2,0.9768883,0.022319691,0.0004608646,0.00025141222,7.499854e-05,1.2536032e-15,0.00392156862745098,8
1610,501,0.768147108812253,0.03529411764705882,0.0039215686274509665,9,8,2,0.9647355,0.020088222,0.014304983,0.00057685236,0.0002708073,2.2439588e-15,0.00392156862745098,8
1613,467,0.5830490327135875,0.027450980392156862,0.0039215686274509665,4,6,2,0.9966703,0.003288187,2.0366913e-05,1.6723516e-05,1.5499821e-06,4.5059792e-13,0.00392156862745098,6
1779,516,0.7939505997142514,0.03529411764705882,0.0039215686274509665,6,0,2,0.99997747,2.1617674e-05,5.3465084e-07,1.5249918e-07,1.2625517e-07,8.41724e-11,0.00392156862745098,8
1782,460,0.7477044197204605,0.03529411764705882,0.0039215686274509665,6,2,2,0.8504112,0.06339688,0.050365016,0.031889804,0.0033879352,5.441185e-06,0.00392156862745098,8
1801,509,0.7830283585074265,0.03529411764705882,0.0039215686274509665,6,2,2,0.9999844,1.5341033e-05,1.8708506e-07,5.9057697e-08,2.3055579e-08,7.966537e-12,0.00392156862745098,8
1818,433,0.4896153422749364,0.023529411764705882,0.0235294117647058,4,6,2,0.9693675,0.030065373,0.00019644831,0.00015143318,0.00010057683,2.0355639e-11,0.00392156862745098,5
1830,526,0.7899795353565799,0.03529411764705882,0.0039215686274509665,6,2,2,0.99971527,0.00021632267,4.6613426e-05,1.1069178e-05,7.639456e-06,1.659608e-08,0.00392156862745098,8
1840,421,0.5453518946201451,0.027450980392156876,0.0039215686274509665,4,0,2,0.7790907,0.22006674,0.0003858809,0.00017467194,0.00014878857,3.581945e-11,0.00392156862745098,6
1854,400,0.7658613693500065,0.0392156862745098,0.0039215686274509665,4,2,2,0.5034915,0.4933389,0.0023270843,0.00070461805,8.857391e-05,3.133362e-11,0.00392156862745098,9
1866,476,0.42414624653148936,0.0196078431372549,0.0039215686274509665,6,2,2,0.9980724,0.0010276065,0.0003723816,0.00030173597,0.000116724535,2.0629143e-06,0.00392156862745098,4
1892,499,0.5104219481637158,0.023529411764705896,0.0039215686274509665,6,2,2,0.997486,0.0022392338,0.00017139793,7.3047675e-05,1.4262139e-05,5.8023345e-13,0.00392156862745098,5
1957,498,0.4242912537994972,0.0196078431372549,0.007843137254901933,6,2,2,0.9990835,0.00055361894,0.00022910874,6.243292e-05,3.8368147e-05,4.699849e-10,0.00392156862745098,4
1979,534,0.859235284944857,0.0392156862745098,0.007843137254901933,4,6,2,0.99994564,5.2145977e-05,8.4326643e-07,6.8651156e-07,5.149031e-07,3.4767993e-22,0.00392156862745098,9
2074,475,0.7613299034175355,0.03529411764705882,0.0039215686274509665,3,2,2,0.9774246,0.019936219,0.0025545664,6.8726935e-05,1.1799792e-05,8.178088e-11,0.00392156862745098,8
2096,494,0.7563342663739019,0.03529411764705882,0.007843137254901933,6,2,2,0.99972945,0.00024912172,2.0818898e-05,4.6971442e-07,9.512524e-08,4.761685e-13,0.00392156862745098,8
2106,521,0.8622815153792317,0.0392156862745098,0.00392156862745098,4,6,3,0.99956423,0.0004105794,1.9471205e-05,3.3445954e-06,1.6565713e-06,5.0369716e-15,0.00392156862745098,9
2167,499,0.7653391043430859,0.03529411764705882,0.0039215686274509665,6,2,2,0.9995565,0.00038242422,4.032634e-05,1.2079664e-05,4.732391e-06,3.5717715e-13,0.00392156862745098,8
2196,508,0.61097233753406,0.027450980392156862,0.0039215686274509665,6,2,2,0.99107367,0.007169512,0.0009749471,0.0007254539,2.4147526e-05,7.1323676e-08,0.00392156862745098,6
2240,448,0.8044092255997007,0.0392156862745098,0.0039215686274509665,4,8,2,0.8713238,0.12628794,0.0017948794,0.00034127387,0.00019611554,1.7511869e-09,0.00392156862745098,9
2242,464,0.5746536659870635,0.027450980392156876,0.007843137254901933,6,5,2,0.9979448,0.0014997842,0.00038228068,0.00011923746,3.1694828e-05,3.606427e-11,0.00392156862745098,6
2243,502,0.7661022946543512,0.03529411764705882,0.0039215686274509665,8,3,2,0.99943775,0.0002907288,0.00014465478,8.780519e-05,2.0272551e-05,1.1302607e-11,0.00392156862745098,8
2291,493,0.8412198900992849,0.0392156862745098,0.0039215686274509665,6,2,2,0.99849546,0.001424604,5.0022965e-05,1.5147253e-05,5.9833546e-06,7.0404044e-14,0.00392156862745098,9
2293,497,0.593479888072963,0.027450980392156862,0.0039215686274509665,6,2,2,0.999982,1.3006617e-05,3.9798515e-06,4.959866e-07,3.3904476e-07,2.5314644e-11,0.00392156862745098,6
2300,498,0.7729768895759628,0.03529411764705884,0.0039215686274509665,6,2,2,0.99394095,0.0039213826,0.0011415237,0.00037789386,0.00029924838,3.2678338e-07,0.00392156862745098,8
2341,485,0.5832600052774466,0.027450980392156862,0.0039215686274509665,4,6,2,0.9896311,0.009680338,0.00062995846,4.8930797e-05,4.17181e-06,1.0586734e-12,0.00392156862745098,6
2372,453,0.5719577930511222,0.027450980392156876,0.0039215686274509665,6,2,2,0.961066,0.02455904,0.0079304585,0.0064072344,2.1574517e-05,1.1390532e-09,0.00392156862745098,6
2376,487,0.847766588842716,0.0392156862745098,0.0039215686274509665,7,2,3,0.78428084,0.18174721,0.015742818,0.0096945865,0.0045769275,3.4057464e-06,0.00392156862745098,9
2385,464,0.6579826566639788,0.03137254901960784,0.0039215686274509665,9,7,2,0.9832024,0.014003993,0.0026677635,0.00012435029,9.258978e-07,7.44693e-15,0.00392156862745098,7
2388,512,0.7870931145260102,0.03529411764705884,0.0039215686274509665,8,3,2,0.99233425,0.0069290134,0.0002777785,0.0002175687,0.0001411469,4.492261e-08,0.00392156862745098,8
2390,536,0.8923701533447567,0.0392156862745098,0.007843137254901933,4,6,4,0.9975575,0.0018376126,0.00032545073,0.00018509402,5.4544573e-05,3.9314244e-10,0.00392156862745098,9
2392,448,0.8207609863374222,0.03921568627450982,0.007843137254901933,4,9,2,0.98325527,0.009627484,0.003195691,0.0012179608,0.0012021047,1.09724816e-07,0.00392156862745098,9
2410,454,0.6522666244161057,0.03137254901960784,0.0039215686274509665,1,3,2,0.99960715,0.00033975084,5.0399332e-05,2.7565072e-06,6.6742154e-09,5.134226e-15,0.00392156862745098,7
2439,446,0.7210462729929337,0.03529411764705882,0.0039215686274509665,4,2,2,0.99718636,0.002055892,0.00052445964,0.0001747393,3.6256006e-05,8.230804e-10,0.00392156862745098,8
2449,467,0.4115031849249566,0.0196078431372549,0.0039215686274509665,4,3,2,0.8955948,0.08730316,0.013434766,0.0035412454,6.687089e-05,1.2841664e-10,0.00392156862745098,4
2496,436,0.7762824093620607,0.0392156862745098,0.0039215686274509665,6,2,2,0.99391985,0.005637905,0.00043425424,4.5382467e-06,3.0811975e-06,3.929639e-13,0.00392156862745098,9
2498,486,0.6784200384409692,0.03137254901960784,0.0039215686274509665,6,2,2,0.9986236,0.0009828554,0.00014139935,0.00013593108,9.007514e-05,1.5146999e-09,0.00392156862745098,7
2516,533,0.5374981558939419,0.023529411764705882,0.007843137254901933,6,2,2,0.99999154,7.841484e-06,6.2505273e-07,2.3516668e-08,1.1349231e-08,7.662969e-14,0.00392156862745098,5
2559,456,0.5655358824111,0.027450980392156862,0.0039215686274509665,9,7,2,0.92861587,0.049285326,0.021970224,0.00012781551,4.7385782e-07,3.5963517e-17,0.00392156862745098,6
2569,483,0.6654313815044826,0.03137254901960786,0.0039215686274509665,4,2,2,0.99793625,0.0018240844,0.00017423861,2.0928532e-05,1.5556414e-05,4.846434e-11,0.00392156862745098,7
2600,477,0.33673009783071445,0.01568627450980392,0.0039215686274509665,9,7,2,0.47842172,0.4683059,0.033762444,0.014467901,0.0018055127,2.7657407e-07,0.00392156862745098,3
2638,481,0.6790431334501039,0.03137254901960784,0.0039215686274509665,6,2,2,0.9999896,1.0150509e-05,1.8353992e-07,6.139969e-09,3.4365524e-09,1.3081739e-11,0.00392156862745098,7
2680,507,0.8621566620734928,0.0392156862745098,0.007843137254901933,6,2,2,0.6844353,0.24649602,0.044836197,0.02385173,0.00021316444,1.3413949e-14,0.00392156862745098,9
2689,458,0.7385782865943734,0.03529411764705882,0.0039215686274509665,4,6,3,0.98290986,0.016892442,8.730308e-05,7.885379e-05,2.2815999e-05,8.749276e-11,0.00392156862745098,8
2710,494,0.7686174469136869,0.03529411764705882,0.0039215686274509665,6,2,2,0.9998691,0.000120319324,1.0362775e-05,9.438213e-08,7.454303e-08,1.2074335e-10,0.00392156862745098,8
2724,428,0.5606197482381181,0.027450980392156862,0.0039215686274509665,4,2,2,0.9956572,0.0028995192,0.0008078309,0.0003673743,0.00011300137,1.19280505e-08,0.00392156862745098,6
2753,428,0.811300426101066,0.0392156862745098,0.039215686274509665,4,9,2,0.99925905,0.0006870751,3.4034405e-05,1.6922133e-05,1.1931959e-06,3.2788215e-14,0.00392156862745098,9
2785,509,0.8597362863822016,0.0392156862745098,0.0039215686274509665,6,2,2,0.99917716,0.0007532243,5.1416944e-05,1.6529173e-05,1.602633e-06,1.854983e-14,0.00392156862745098,9
2817,391,0.6625478300217367,0.03529411764705882,0.0039215686274509665,0,2,2,0.97648084,0.02200739,0.0014013884,9.570935e-05,5.4258576e-06,2.8943333e-16,0.00392156862745098,8
2841,495,0.853749898324379,0.0392156862745098,0.0039215686274509665,8,0,3,0.9222951,0.074207254,0.0034947863,2.1255682e-06,4.857553e-07,9.017814e-19,0.00392156862745098,9
2849,484,0.7480539920931536,0.03529411764705882,0.0039215686274509665,6,2,2,1.0,3.4555722e-08,5.0089306e-09,3.517306e-09,2.1147292e-10,7.397675e-18,0.00392156862745098,8
2859,459,0.7968797280882859,0.0392156862745098,0.007843137254901933,4,9,2,0.9907224,0.0056587965,0.003022018,0.00042676012,0.00012124884,3.2170028e-18,0.00392156862745098,9
2860,523,0.7133267578306165,0.03137254901960786,0.0039215686274509665,9,3,2,0.9978269,0.0010019791,0.0007028731,0.0002700226,0.00018693737,1.4760448e-13,0.00392156862745098,7
2871,498,0.6746465889577369,0.03137254901960784,0.0039215686274509665,3,2,2,1.0,1.9927466e-08,3.1636878e-09,5.6210114e-10,4.8380002e-12,1.4319596e-21,0.00392156862745098,7
2872,463,0.8247889527685222,0.0392156862745098,0.0039215686274509665,1,2,2,0.9928271,0.006435796,0.0006375164,8.850924e-05,5.386529e-06,1.6786612e-09,0.00392156862745098,9
2888,407,0.4653135763512528,0.023529411764705882,0.0039215686274509665,4,9,2,0.8426713,0.057332225,0.055106662,0.036088597,0.004575276,4.2491206e-13,0.00392156862745098,5
2963,491,0.5950067766051694,0.027450980392156862,0.0039215686274509665,4,6,2,0.9912411,0.008632485,7.845408e-05,1.8870054e-05,9.728101e-06,1.25478985e-11,0.00392156862745098,6
2983,473,0.8175036315638877,0.0392156862745098,0.0039215686274509665,4,2,2,0.99919933,0.0007080888,4.950505e-05,1.2616259e-05,1.1122306e-05,1.8380841e-13,0.00392156862745098,9
2989,415,0.7988842661750333,0.0392156862745098,0.039215686274509665,9,3,2,0.9695682,0.011621122,0.009905325,0.005400833,0.0034396735,6.69727e-10,0.00392156862745098,9
2992,469,0.8179455889872111,0.0392156862745098,0.0039215686274509665,6,2,2,0.99999785,9.633994e-07,5.2049126e-07,5.0077693e-07,1.0008225e-07,1.9764238e-12,0.00392156862745098,9
3002,470,0.6736999241879323,0.03137254901960784,0.0039215686274509665,8,0,3,0.97654265,0.018707527,0.0037683789,0.00063336315,0.000170563,5.1417195e-09,0.00392156862745098,7
3009,465,0.6654082702296122,0.03137254901960784,0.0039215686274509665,4,2,2,0.9985483,0.0011162059,0.00025558932,3.874309e-05,1.8404431e-05,9.127284e-11,0.00392156862745098,7
3028,446,0.7326409649649611,0.03529411764705882,0.0039215686274509665,8,3,2,0.9984256,0.00059410295,0.000427455,0.0002515136,0.00017322233,2.6243927e-07,0.00392156862745098,8
3037,493,0.5916112276445777,0.027450980392156862,0.0039215686274509665,4,6,2,0.9993119,0.0005881055,7.8606194e-05,1.2711938e-05,6.1069254e-06,6.0361702e-15,0.00392156862745098,6
3039,461,0.7401382914723784,0.03529411764705882,0.0039215686274509665,4,2,2,0.99739194,0.0023540615,0.00011723737,5.4839475e-05,4.679008e-05,1.01691114e-10,0.00392156862745098,8
3069,446,0.5661473976068361,0.027450980392156862,0.0039215686274509665,9,7,2,0.9892736,0.010005024,0.0007089596,1.1014205e-05,9.212859e-07,7.022892e-18,0.00392156862745098,6
3072,427,0.7113621721360884,0.03529411764705882,0.0039215686274509665,4,9,2,0.95305336,0.014453937,0.009821022,0.007402844,0.0069290493,0.00011494548,0.00392156862745098,8
3091,447,0.4767085664068341,0.023529411764705882,0.0039215686274509665,4,2,2,0.99905604,0.00087014266,3.138645e-05,2.355411e-05,1.0990721e-05,3.9629063e-15,0.00392156862745098,5
3101,435,0.7152536968283382,0.03529411764705882,0.0039215686274509665,4,2,2,0.9971921,0.002427296,0.00014949965,0.00012264478,4.4369714e-05,2.5422134e-10,0.00392156862745098,8
3121,438,0.6458336588904187,0.03137254901960786,0.0039215686274509665,9,7,2,0.99126136,0.0051225466,0.002683517,0.0008872048,2.468447e-05,1.0474747e-10,0.00392156862745098,7
3125,552,0.9088483825947941,0.0392156862745098,0.0039215686274509665,4,6,2,0.9979662,0.0010471949,0.00059871457,0.00023288823,0.00011927733,8.533747e-12,0.00392156862745098,9
3157,468,0.6652580273724377,0.03137254901960784,0.0039215686274509665,4,6,2,0.908535,0.08806818,0.001625566,0.0015001817,0.00015104929,3.0230215e-08,0.00392156862745098,7
3169,416,0.7821047323599651,0.0392156862745098,0.0039215686274509665,9,7,2,0.99472106,0.0029342799,0.0022433205,5.0603827e-05,2.0310861e-05,7.325365e-14,0.00392156862745098,9
3268,535,0.5266741126304124,0.023529411764705896,0.0039215686274509665,6,2,4,0.9706661,0.01359021,0.013094636,0.0014000443,0.001162067,3.4953251e-10,0.00392156862745098,5
3290,433,0.32149688343622834,0.01568627450980392,0.0039215686274509665,4,9,3,0.56871307,0.17487805,0.16678019,0.04970247,0.009833993,0.002033729,0.00392156862745098,3
3312,391,0.6884000696554117,0.03529411764705882,0.0039215686274509665,4,2,2,0.98835385,0.0050114826,0.003036486,0.0024208042,0.0008763459,7.764015e-08,0.00392156862745098,8
3316,520,0.6155363874002603,0.027450980392156862,0.007843137254901933,9,8,2,0.825414,0.15459493,0.015927745,0.002317768,0.0011063217,3.6047554e-09,0.00392156862745098,6
3327,483,0.4178633334893324,0.0196078431372549,0.0039215686274509665,6,2,2,0.9854748,0.0049820696,0.0048739756,0.0043521384,0.00019498727,5.8419687e-07,0.00392156862745098,4
3348,539,0.8071289437706689,0.03529411764705882,0.0039215686274509665,9,7,2,0.8884081,0.10710133,0.0044244565,3.9305178e-05,2.2314294e-05,2.1666025e-13,0.00392156862745098,8
3387,514,0.8737444993883828,0.0392156862745098,0.0039215686274509665,6,0,2,0.99998915,1.0660711e-05,9.786131e-08,3.653596e-08,2.3706976e-08,3.6223934e-11,0.00392156862745098,9
3439,418,0.6299460196691768,0.03137254901960784,0.0039215686274509665,4,6,2,0.99581224,0.0040168893,7.4395124e-05,6.0981023e-05,1.935999e-05,2.0300927e-12,0.00392156862745098,7
3456,440,0.6399009919572567,0.03137254901960784,0.0039215686274509665,1,3,2,0.70975673,0.27555147,0.009127234,0.005098217,0.00024164542,4.8997896e-07,0.00392156862745098,7
3503,452,0.7503632338400924,0.03529411764705882,0.0352941176470587,4,8,2,0.9979119,0.001282355,0.0005842575,8.850238e-05,5.319689e-05,3.9839718e-10,0.00392156862745098,8
3508,398,0.7537781296017394,0.0392156862745098,0.0039215686274509665,9,7,2,0.9969938,0.0021901776,0.00060602155,0.00013513814,4.8227557e-05,8.9992965e-15,0.00392156862745098,9
3530,440,0.6557702357351423,0.03137254901960784,0.0039215686274509665,6,2,2,0.99789315,0.0015693733,0.00029993418,0.00012229613,5.0588413e-05,4.0156777e-07,0.00392156862745098,7
3535,450,0.6561687876553696,0.03137254901960784,0.0039215686274509665,5,0,2,0.9927624,0.006740815,0.00043435392,4.148826e-05,1.2052696e-05,2.1333055e-11,0.00392156862745098,7
3548,497,0.6787826360288247,0.03137254901960784,0.007843137254901933,4,6,2,0.95473063,0.04523869,2.5545782e-05,2.716083e-06,1.0737856e-06,2.318674e-15,0.00392156862745098,7
3577,522,0.8648370359831666,0.0392156862745098,0.007843137254901933,6,2,2,0.999899,7.7707664e-05,1.4362536e-05,8.769709e-06,9.153654e-08,7.3884357e-19,0.00392156862745098,9
3586,489,0.5011022069008088,0.023529411764705882,0.0039215686274509665,6,2,2,0.975316,0.009793676,0.008023047,0.0035182917,0.0029396499,1.5604762e-06,0.00392156862745098,5
3601,520,0.8645168972265121,0.0392156862745098,0.007843137254901933,8,2,2,0.99860555,0.001161355,0.00014190527,8.532113e-05,5.352013e-06,8.8968126e-14,0.00392156862745098,9
3608,372,0.6807282890112668,0.03529411764705882,0.0352941176470587,4,2,2,0.9986773,0.0012139907,7.2934185e-05,3.2981658e-05,1.9735355e-06,3.1322018e-13,0.00392156862745098,8
3646,528,0.8741580229769366,0.0392156862745098,0.007843137254901933,6,0,2,0.9980153,0.0012956185,0.0006444082,3.156181e-05,9.515097e-06,1.6046285e-10,0.00392156862745098,9
3650,470,0.7303599150667642,0.03529411764705882,0.007843137254901933,6,8,3,0.99921215,0.00056592026,0.0001091764,6.125859e-05,3.337958e-05,2.2920159e-10,0.00392156862745098,8
3668,466,0.7246099588498874,0.03529411764705882,0.007843137254901933,4,9,2,0.5250186,0.4711782,0.0019731184,0.0018297434,2.7009557e-07,7.0730676e-16,0.00392156862745098,8
3671,520,0.7835780863799239,0.03529411764705884,0.0039215686274509665,6,2,2,0.9961357,0.0019576913,0.0011802596,0.0006843477,3.8682003e-05,3.1047667e-15,0.00392156862745098,8
3699,425,0.6467616667635538,0.03137254901960784,0.03137254901960773,3,2,2,1.0,5.346575e-08,8.457865e-09,5.3204763e-10,1.4666529e-10,2.9132434e-23,0.00392156862745098,7
3701,431,0.6919763137290276,0.03529411764705882,0.007843137254901933,4,2,2,0.9999676,2.6306754e-05,5.546219e-06,4.525831e-07,8.8882e-08,1.5570392e-21,0.00392156862745098,8
3724,430,0.7318744007056837,0.03529411764705882,0.0352941176470587,4,6,2,0.99753773,0.0024188196,1.571215e-05,1.2426798e-05,9.928344e-06,3.59122e-13,0.00392156862745098,8
3726,454,0.5713794123963678,0.027450980392156862,0.0039215686274509665,6,2,2,0.9999473,4.680101e-05,4.714332e-06,6.0296276e-07,3.591511e-07,6.20841e-09,0.00392156862745098,6
3739,473,0.8245371984910687,0.0392156862745098,0.0039215686274509665,4,2,4,0.99902546,0.00094320317,2.164002e-05,7.319143e-06,2.235538e-06,2.598902e-19,0.00392156862745098,9
3762,547,0.8923787700752656,0.0392156862745098,0.0039215686274509665,8,2,2,0.59185696,0.28730938,0.114781335,0.003420693,0.0023965007,1.3804567e-15,0.00392156862745098,9
3767,515,0.7731260908325542,0.03529411764705884,0.0039215686274509665,6,2,2,0.93651944,0.060533945,0.002439013,0.00027139948,0.0002086287,2.4466487e-15,0.00392156862745098,8
3774,502,0.8696072904921197,0.0392156862745098,0.0039215686274509665,6,0,2,0.99981636,0.00015566983,1.8376715e-05,5.2542428e-06,2.1175515e-06,2.1685992e-08,0.00392156862745098,9
3779,483,0.8618533716014072,0.0392156862745098,0.039215686274509665,6,2,2,0.9999999,1.2908521e-07,1.3938058e-09,1.0149484e-10,1.1565804e-11,1.4884253e-18,0.00392156862745098,9
3789,546,0.7885473969957202,0.03529411764705882,0.00392156862745098,6,2,2,0.98436224,0.0090971105,0.0045161736,0.0019224074,7.359255e-05,2.0840016e-08,0.00392156862745098,8
3828,433,0.7208009556635624,0.03529411764705882,0.0039215686274509665,4,3,2,0.99064904,0.0074082064,0.0007180002,0.0004410335,0.0003148711,1.3827479e-07,0.00392156862745098,8
3856,507,0.5108134800298814,0.023529411764705896,0.0039215686274509665,6,2,2,0.9805665,0.017563125,0.0010555084,0.00069637055,9.9068406e-05,7.389517e-12,0.00392156862745098,5
3857,466,0.6618627378369502,0.03137254901960786,0.0039215686274509665,4,6,2,0.9958521,0.0040974473,3.7498765e-05,8.242265e-06,2.8636082e-06,7.790363e-17,0.00392156862745098,7
3858,508,0.5990252238111631,0.027450980392156876,0.007843137254901933,6,2,2,0.94594735,0.020215727,0.017070211,0.012186942,0.0044245096,8.3854834e-10,0.00392156862745098,6
3861,549,0.8943240215906093,0.0392156862745098,0.0039215686274509665,6,0,2,0.99998987,9.680672e-06,2.7308283e-07,1.2926748e-07,6.562662e-08,2.0046173e-11,0.00392156862745098,9
3868,470,0.6602808345462177,0.03137254901960784,0.0039215686274509665,7,9,2,0.84361976,0.13723518,0.018789412,0.00024357784,0.00010724117,3.441317e-13,0.00392156862745098,7
3871,501,0.8505917609017588,0.0392156862745098,0.0039215686274509665,2,5,2,0.9939201,0.00547771,0.00032646774,0.00013276788,5.297303e-05,2.23437e-09,0.00392156862745098,9
3877,453,0.751192823075038,0.03529411764705882,0.0352941176470587,4,2,2,0.99989593,7.533586e-05,2.7606704e-05,5.3405586e-07,5.157208e-07,5.0574104e-18,0.00392156862745098,8
3892,466,0.7394106987788754,0.03529411764705882,0.0039215686274509665,8,3,2,0.9955384,0.0017127355,0.0010694072,0.0006014317,0.000500485,2.557995e-07,0.00392156862745098,8
3903,439,0.7111675775351244,0.03529411764705882,0.0039215686274509665,4,2,2,0.9989753,0.0009767218,3.839437e-05,5.274805e-06,3.0947263e-06,1.2896522e-15,0.00392156862745098,8
3911,403,0.7085244670547546,0.03529411764705882,0.0352941176470587,4,2,2,0.9991646,0.0007729745,5.313298e-05,6.822217e-06,9.910108e-07,7.2855713e-13,0.00392156862745098,8
3932,458,0.8239214753012043,0.0392156862745098,0.007843137254901933,6,2,2,0.9999534,3.9791972e-05,3.97284e-06,2.4788196e-06,4.1595814e-07,5.5817198e-11,0.00392156862745098,9
3935,493,0.5970580186091996,0.027450980392156862,0.0039215686274509665,9,7,2,0.8376643,0.16108021,0.0012288871,1.7361532e-05,6.412688e-06,6.153294e-15,0.00392156862745098,6
3961,448,0.7310334071493032,0.03529411764705882,0.0039215686274509665,8,3,3,0.8423256,0.055747632,0.053946443,0.01579011,0.01444199,4.5866877e-06,0.00392156862745098,8
3973,450,0.7250873285245902,0.03529411764705882,0.0039215686274509665,4,2,3,0.9718865,0.028037818,2.8633993e-05,2.4398096e-05,1.632834e-05,9.437332e-15,0.00392156862745098,8
3982,401,0.685601911298841,0.03529411764705882,0.0039215686274509665,9,7,2,0.99751127,0.0015915431,0.0008044239,7.1600625e-05,1.28373085e-05,4.590532e-18,0.00392156862745098,8
3983,508,0.8721501621974227,0.0392156862745098,0.0039215686274509665,8,2,2,0.9786814,0.0108404085,0.0043170843,0.0029971832,0.0020202838,2.0197e-05,0.00392156862745098,9
3987,514,0.6976756047902312,0.03137254901960784,0.0039215686274509665,9,8,2,0.9962914,0.0026658145,0.00049174845,0.00048184046,6.923455e-05,1.9514671e-18,0.00392156862745098,7
3994,470,0.4202304342135304,0.0196078431372549,0.0039215686274509665,6,2,2,0.99685305,0.0022747556,0.00036914795,0.0003495279,5.756685e-05,1.3937449e-07,0.00392156862745098,4
3999,519,0.7861840444754478,0.03529411764705882,0.0039215686274509665,6,5,2,0.974772,0.02518863,2.9310359e-05,8.947956e-06,1.1109123e-06,4.0102907e-11,0.00392156862745098,8
4026,464,0.7602585610072236,0.03529411764705882,0.0352941176470587,9,7,2,0.8529917,0.14287,0.0034381987,0.00044521168,0.00014411328,3.339512e-11,0.00392156862745098,8
4043,507,0.7690675010833607,0.03529411764705882,0.007843137254901933,8,0,2,0.9999138,7.474103e-05,8.64358e-06,2.1736082e-06,3.8438648e-07,2.640523e-12,0.00392156862745098,8
4052,474,0.8330449327940384,0.0392156862745098,0.0039215686274509665,8,0,2,0.99565256,0.0016702274,0.001249591,0.0012226616,0.00019587346,7.5833084e-10,0.00392156862745098,9
4054,451,0.4164070702273585,0.0196078431372549,0.019607843137254832,6,2,2,0.99325883,0.004481355,0.0012430283,0.0008695083,0.00010327882,2.3865331e-08,0.00392156862745098,4
4075,474,0.8231465029513453,0.03921568627450982,0.0039215686274509665,4,2,2,0.9997596,0.00022733002,8.268311e-06,2.3174582e-06,1.3253392e-06,1.7870144e-17,0.00392156862745098,9
4078,484,0.6025321424612644,0.027450980392156876,0.00784313725490196,6,2,2,0.9991308,0.00034300357,0.00020086791,0.00012180792,0.00011759967,8.868512e-07,0.00392156862745098,6
4085,484,0.662768302181093,0.03137254901960784,0.007843137254901933,9,3,2,0.98423404,0.0152209215,0.000529999,1.5040135e-05,3.4171772e-09,1.3421466e-22,0.00392156862745098,7
4102,444,0.6449758511136672,0.03137254901960784,0.007843137254901933,4,2,2,0.9994362,0.00044304118,7.031958e-05,2.2886823e-05,1.49671205e-05,4.9464217e-14,0.00392156862745098,7
4112,509,0.5991407406165201,0.027450980392156862,0.007843137254901933,6,2,2,0.9999999,1.584511e-07,5.2294297e-08,2.287769e-08,2.2878903e-09,3.5851694e-15,0.00392156862745098,6
4125,450,0.4039025314379206,0.0196078431372549,0.0039215686274509665,4,6,3,0.97870445,0.019571979,0.0009455251,0.00052257907,0.00023791102,1.13572905e-14,0.00392156862745098,4
4132,404,0.7882255389114416,0.0392156862745098,0.039215686274509665,4,2,2,0.999106,0.0008283467,2.5402389e-05,1.8108758e-05,1.0030722e-05,4.1963444e-15,0.00392156862745098,9
4135,480,0.6634988172615655,0.03137254901960784,0.007843137254901933,4,8,2,0.985784,0.014171563,4.2185482e-05,2.0973212e-06,8.967967e-08,2.5696283e-17,0.00392156862745098,7
4146,398,0.7724693897450178,0.0392156862745098,0.0039215686274509665,4,2,2,0.97965425,0.017176423,0.0020182028,0.0007446294,0.00030159848,4.3428003e-07,0.00392156862745098,9
4198,488,0.7513872854586653,0.03529411764705882,0.0039215686274509665,6,2,2,0.99999964,3.0027434e-07,7.978943e-09,2.273993e-10,7.757855e-11,1.2705921e-14,0.00392156862745098,8
4210,492,0.7429173454951767,0.03529411764705882,0.0039215686274509665,6,2,2,0.9999933,5.917442e-06,6.393654e-07,9.9756654e-08,4.5954955e-08,8.8723924e-11,0.00392156862745098,8
4244,512,0.7911564251414981,0.03529411764705882,0.0039215686274509665,9,8,2,0.83053774,0.13001296,0.03481848,0.0023202193,0.002282707,1.6284583e-10,0.00392156862745098,8
4322,466,0.25076583966663774,0.011764705882352955,0.007843137254901933,2,0,2,0.44187644,0.3249304,0.19965579,0.014653305,0.0131326,2.5220781e-05,0.00392156862745098,2
4345,527,0.6213923174204624,0.027450980392156862,0.0039215686274509665,9,8,2,0.9803962,0.016569631,0.0024572464,0.00042828495,0.00014438567,4.6526893e-14,0.00392156862745098,6
4346,497,0.6778530914093817,0.03137254901960784,0.0039215686274509665,4,6,2,0.9972498,0.002735935,5.968378e-06,3.9123665e-06,2.730324e-06,2.7374606e-15,0.00392156862745098,7
4379,428,0.7893271142870432,0.0392156862745098,0.0039215686274509665,4,2,2,0.9963498,0.0034383917,0.00010584999,7.3390875e-05,1.5590957e-05,1.9449728e-12,0.00392156862745098,9
4382,428,0.5556462824802666,0.027450980392156862,0.0039215686274509665,4,9,2,0.90590876,0.03742447,0.035351474,0.01661393,0.0028306113,8.9016544e-10,0.00392156862745098,6
4392,502,0.5912862057943084,0.027450980392156862,0.0039215686274509665,6,2,2,0.95973444,0.021799948,0.009618148,0.0063908626,0.0023558363,1.0213434e-08,0.00392156862745098,6
4425,512,0.7883913610008226,0.03529411764705882,0.0039215686274509665,9,8,2,0.99691784,0.0013168931,0.0007829846,0.0005065625,0.00047204437,4.4313312e-15,0.00392156862745098,8
4430,475,0.504878164297401,0.023529411764705882,0.0039215686274509665,6,2,2,0.9874756,0.005928343,0.004397217,0.0019127675,0.0001649994,1.2040041e-06,0.00392156862745098,5
4431,540,0.6203024153630143,0.027450980392156876,0.0039215686274509665,6,2,2,0.9994537,0.00051794306,2.5888783e-05,2.3380549e-06,7.290882e-08,2.8277064e-15,0.00392156862745098,6
4460,456,0.73871361740202,0.03529411764705882,0.0039215686274509665,4,3,2,0.785572,0.18363823,0.029557515,0.0007201698,0.00019910473,1.5500287e-08,0.00392156862745098,8
4495,553,0.8623706852448673,0.0392156862745098,0.007843137254901933,5,0,2,0.997954,0.002038197,4.218884e-06,3.4595869e-06,3.5258868e-08,5.659642e-15,0.00392156862745098,9
4502,428,0.7750531725133377,0.0392156862745098,0.007843137254901933,1,3,3,0.75848544,0.22463614,0.012358063,0.004517431,2.9448229e-06,1.5233044e-18,0.00392156862745098,9
4517,504,0.4221109143232053,0.0196078431372549,0.0039215686274509665,6,2,2,0.9932579,0.00640423,0.00013190805,0.00012973476,3.9240764e-05,1.2986416e-11,0.00392156862745098,4
4522,412,0.7869954154436078,0.0392156862745098,0.00392156862745098,4,6,2,0.9693066,0.029794032,0.0005584683,0.0001487229,0.00013935853,2.9362807e-08,0.00392156862745098,9
4523,488,0.8503657308484742,0.0392156862745098,0.0039215686274509665,9,3,3,0.9941771,0.0041594603,0.00087264174,0.00073192606,5.4552307e-05,2.3064398e-15,0.00392156862745098,9
4538,427,0.7081445233126714,0.03529411764705882,0.0039215686274509665,4,2,2,0.5730199,0.4161697,0.007869269,0.0020361259,0.0005172006,4.2184613e-08,0.00392156862745098,8
4546,492,0.8598614911305522,0.0392156862745098,0.0039215686274509665,6,0,3,0.9997756,0.00015067853,3.052524e-05,1.8058736e-05,1.5548996e-05,8.895583e-08,0.00392156862745098,9
4587,518,0.6065387649247166,0.027450980392156862,0.007843137254901933,6,2,2,0.99826753,0.0015373843,0.00018285283,9.824688e-06,1.74345e-06,5.30357e-12,0.00392156862745098,6
4605,507,0.6714820324877375,0.03137254901960784,0.0039215686274509665,6,2,2,0.999595,0.00040321148,1.8044465e-06,6.9690382e-09,5.5440036e-10,8.488189e-21,0.00392156862745098,7
4613,436,0.6984576846559145,0.03529411764705884,0.0039215686274509665,4,2,2,0.99959284,0.00033550934,4.1793035e-05,2.584879e-05,2.5767433e-06,1.5074549e-18,0.00392156862745098,8
4619,474,0.742710312455404,0.03529411764705882,0.0039215686274509665,4,2,2,0.99605286,0.0038381778,5.2398565e-05,4.253835e-05,5.7580764e-06,4.0979362e-11,0.00392156862745098,8
4683,509,0.6695554482415144,0.03137254901960784,0.007843137254901933,6,2,2,0.99275756,0.0070527145,0.00015901572,2.6112994e-05,2.787267e-06,5.0081582e-20,0.00392156862745098,7
4690,415,0.6268870014381277,0.03137254901960784,0.0039215686274509665,9,7,2,0.8702513,0.09507349,0.030348223,0.003963572,0.00022294921,5.568249e-12,0.00392156862745098,7
4762,483,0.83044713571267,0.0392156862745098,0.007843137254901933,3,2,2,0.6838075,0.30948982,0.003708639,0.0019558575,0.0009232448,2.3270516e-17,0.00392156862745098,9
4778,542,0.7218882497564877,0.03137254901960784,0.0039215686274509665,6,2,3,0.9998078,0.00018100241,1.1040597e-05,1.04320726e-07,5.101516e-08,3.4996556e-12,0.00392156862745098,7
4780,415,0.5459155951113452,0.027450980392156876,0.007843137254901933,4,2,2,0.70161843,0.21255994,0.08155629,0.0026902617,0.0009983478,1.7791211e-07,0.00392156862745098,6
4822,479,0.6760242915404644,0.03137254901960784,0.007843137254901933,4,8,2,0.43213058,0.36776116,0.08011422,0.0698175,0.039733324,7.880425e-05,0.00392156862745098,7
4826,449,0.7374321856101085,0.03529411764705882,0.0039215686274509665,9,3,2,0.96720135,0.017503066,0.010701772,0.00321371,0.0013651891,2.8273991e-12,0.00392156862745098,8
4833,463,0.717839896945731,0.03529411764705882,0.007843137254901933,4,6,2,0.99978393,0.00020751475,5.749486e-06,1.9365386e-06,7.2662596e-07,3.4744507e-20,0.00392156862745098,8
4878,433,0.816025570458227,0.0392156862745098,0.039215686274509665,3,5,2,0.8617725,0.1348037,0.0033710052,5.2128456e-05,3.8951922e-07,2.5034363e-09,0.00392156862745098,9
4886,500,0.6694176229110627,0.03137254901960784,0.00392156862745098,6,2,2,0.999984,1.5094462e-05,5.9654445e-07,1.7355698e-07,1.1037419e-08,3.5125894e-17,0.00392156862745098,7
4919,522,0.8616927628405132,0.0392156862745098,0.007843137254901933,4,6,2,0.9999871,8.7615535e-06,3.777476e-06,1.8313104e-07,1.6903418e-07,5.943784e-25,0.00392156862745098,9
4952,475,0.4246535553374604,0.0196078431372549,0.0039215686274509665,4,2,2,0.999767,0.00019883687,2.3946719e-05,9.891294e-06,2.504098e-07,1.2931722e-16,0.00392156862745098,4
4959,504,0.5077939259978169,0.023529411764705882,0.0039215686274509665,4,6,2,0.99449325,0.00524176,0.000253913,4.6563923e-06,2.6805694e-06,3.3776402e-13,0.00392156862745098,5
5026,510,0.520225308299795,0.023529411764705882,0.007843137254901933,6,2,2,0.99999666,3.2497271e-06,1.7717332e-07,4.012429e-08,1.603308e-08,4.9169184e-12,0.00392156862745098,5
5032,394,0.4524953242348923,0.023529411764705882,0.007843137254901933,4,2,2,0.896772,0.045162912,0.01921169,0.018862404,0.011727508,1.6511091e-08,0.00392156862745098,5
5040,488,0.7381825619788693,0.03529411764705884,0.007843137254901933,6,2,2,0.99999976,1.7443404e-07,7.04989e-08,7.141537e-09,2.5335165e-09,1.6197887e-15,0.00392156862745098,8
5047,443,0.5617433182117568,0.027450980392156876,0.0039215686274509665,4,0,3,0.9885513,0.011299497,0.00013196145,5.840665e-06,4.966395e-06,1.3823426e-12,0.00392156862745098,6
5069,475,0.580974800288085,0.027450980392156862,0.0039215686274509665,4,0,3,0.87185246,0.12686376,0.0010564068,0.00012169359,8.119477e-05,1.04911115e-10,0.00392156862745098,6
5077,501,0.591026059622275,0.027450980392156862,0.0039215686274509665,4,6,2,0.99235404,0.0074274987,0.0002089237,6.6075804e-06,1.3304007e-06,1.1841958e-14,0.00392156862745098,6
5078,460,0.7485780445698327,0.03529411764705882,0.0039215686274509665,8,3,2,0.77196884,0.16231376,0.05156513,0.0050730715,0.004226455,3.336427e-06,0.00392156862745098,8
5121,524,0.8619069012043657,0.0392156862745098,0.0039215686274509665,6,2,3,0.9999976,1.8411124e-06,4.428098e-07,1.6278213e-07,2.4847326e-08,4.4408222e-13,0.00392156862745098,9
5124,417,0.7103020676424874,0.03529411764705884,0.0039215686274509665,4,9,2,0.6874747,0.2571343,0.023003122,0.017828522,0.008614616,5.293493e-05,0.00392156862745098,8
5138,513,0.8690323493084467,0.0392156862745098,0.0039215686274509665,4,6,2,0.99322754,0.0061020516,0.00024367038,0.00016585845,0.00012070338,1.5096671e-10,0.00392156862745098,9
5145,518,0.6962634385456695,0.03137254901960784,0.0039215686274509665,6,2,2,0.9999809,1.0880075e-05,4.941055e-06,2.4150047e-06,4.2994077e-07,1.6967152e-15,0.00392156862745098,7
5180,473,0.5037651393733269,0.023529411764705882,0.0039215686274509665,4,6,3,0.97021073,0.026364522,0.0024149152,0.00037816234,0.00030227835,1.7743407e-06,0.00392156862745098,5
5198,433,0.7186535318810054,0.03529411764705882,0.007843137254901933,4,2,2,0.9997774,0.00020275409,1.6279426e-05,3.0451424e-06,5.1671805e-07,2.1235555e-16,0.00392156862745098,8
5208,536,0.8045621551116529,0.03529411764705882,0.0039215686274509665,9,5,2,0.78957975,0.19448984,0.008644176,0.0041990206,0.0018579003,2.9469803e-08,0.00392156862745098,8
5279,482,0.4989801209385874,0.023529411764705882,0.007843137254901933,6,2,2,1.0,3.5039026e-08,2.9998663e-08,9.7900035e-09,4.1178536e-09,6.521932e-17,0.00392156862745098,5
5290,473,0.7350404791297179,0.03529411764705882,0.007843137254901933,6,2,2,0.9684228,0.018850643,0.006994585,0.005659442,2.8997096e-05,1.39489815e-08,0.00392156862745098,8
5295,527,0.7067206351396966,0.03137254901960784,0.007843137254901933,4,6,2,0.9386755,0.052693315,0.0054726275,0.0025503084,0.0005747946,8.125734e-15,0.00392156862745098,7
5296,494,0.8503566883966749,0.03921568627450982,0.0039215686274509665,8,0,2,0.9907828,0.0069401623,0.0021290786,7.654525e-05,5.5280318e-05,4.4463666e-10,0.00392156862745098,9
5331,462,0.7300545344163248,0.03529411764705882,0.0039215686274509665,4,2,2,0.99351054,0.0051546157,0.00080003316,0.00034949597,7.6736666e-05,2.0949261e-15,0.00392156862745098,8
5334,466,0.8465503194087404,0.0392156862745098,0.039215686274509665,6,2,2,0.999132,0.000855554,1.233292e-05,9.8176024e-08,2.0386746e-09,3.6793552e-19,0.00392156862745098,9
5335,498,0.8463595515976317,0.0392156862745098,0.007843137254901933,8,0,2,0.99986017,0.00013606189,1.8662856e-06,1.7383041e-06,2.5113616e-08,8.27314e-14,0.00392156862745098,9
5359,495,0.744313312258402,0.03529411764705882,0.007843137254901933,3,2,2,1.0,4.324776e-09,3.5339423e-13,3.1653773e-13,3.717579e-14,7.579385e-31,0.00392156862745098,8
5391,493,0.5073091294903755,0.023529411764705882,0.0039215686274509665,9,7,2,0.9917148,0.0062654275,0.0010776588,0.00089968165,3.984324e-05,7.340471e-18,0.00392156862745098,5
5430,474,0.8147524820914633,0.03921568627450982,0.0039215686274509665,8,3,2,0.916229,0.080249615,0.0034050283,0.0001015958,1.4581036e-05,1.9773458e-09,0.00392156862745098,9
5544,480,0.8440396447757023,0.0392156862745098,0.0039215686274509665,9,3,2,0.93828964,0.057616137,0.0035127369,0.00044658672,0.00011576642,7.221981e-13,0.00392156862745098,9
5549,474,0.8199924043871344,0.0392156862745098,0.0039215686274509665,4,9,2,0.99862206,0.0005952689,0.0004769878,0.0001624588,0.000118894925,8.340386e-18,0.00392156862745098,9
5556,469,0.6605137049895679,0.03137254901960784,0.007843137254901933,6,2,2,0.99993455,6.4872664e-05,3.6929964e-07,2.3041518e-07,1.5224161e-08,8.29584e-12,0.00392156862745098,7
5581,544,0.7173041074900295,0.03137254901960784,0.0039215686274509665,4,6,2,0.9870662,0.008468572,0.003118795,0.00060428755,0.00042884212,3.947738e-09,0.00392156862745098,7
5619,501,0.5942308828865136,0.027450980392156862,0.0039215686274509665,6,2,2,1.0,5.6910196e-08,2.479266e-08,1.9001435e-08,2.787055e-09,1.180313e-14,0.00392156862745098,6
5623,457,0.733438180614273,0.03529411764705882,0.0039215686274509665,4,2,2,0.9972801,0.002577034,4.9037142e-05,4.6013312e-05,2.0734227e-05,6.4173953e-12,0.00392156862745098,8
5686,457,0.7477352709154559,0.03529411764705882,0.0039215686274509665,6,2,2,0.9997577,0.00021922599,1.8038601e-05,3.2416e-06,1.6526295e-06,1.0750363e-09,0.00392156862745098,8
5703,496,0.6765132126383626,0.03137254901960784,0.0039215686274509665,4,6,2,0.9950612,0.004919567,7.452901e-06,5.553706e-06,2.4394242e-06,1.6422818e-15,0.00392156862745098,7
5709,465,0.573957440413818,0.027450980392156862,0.007843137254901933,6,2,2,1.0,6.214388e-09,4.8757944e-09,1.6041415e-09,6.775253e-11,2.3198602e-15,0.00392156862745098,6
5710,494,0.6681183732748407,0.03137254901960784,0.007843137254901933,3,2,2,1.0,1.29623015e-08,7.3142985e-09,3.6190246e-09,4.1660318e-11,7.747907e-18,0.00392156862745098,7
5735,526,0.623245711757525,0.027450980392156862,0.0039215686274509665,4,6,2,0.9593706,0.029631402,0.007872471,0.0012798526,0.0007225604,2.29733e-09,0.00392156862745098,6
5755,449,0.8034336156640012,0.0392156862745098,0.0039215686274509665,4,2,2,0.99755114,0.0018517097,0.00030138175,0.00011419181,9.718831e-05,3.8468417e-12,0.00392156862745098,9
5764,443,0.5738904511349555,0.027450980392156862,0.0039215686274509665,4,9,2,0.9910048,0.004275259,0.0034824116,0.00057401275,0.00041655943,2.3405103e-07,0.00392156862745098,6
5774,484,0.572750434623492,0.027450980392156862,0.0039215686274509665,6,2,2,0.85696673,0.07883225,0.045000613,0.016738733,0.0022330617,6.0257133e-07,0.00392156862745098,6
5777,491,0.5054565771689058,0.023529411764705882,0.0039215686274509665,4,9,2,0.8503136,0.053201433,0.035985723,0.035004877,0.014772191,1.2499048e-06,0.00392156862745098,5
5780,461,0.8151110339660442,0.0392156862745098,0.007843137254901933,6,2,2,0.99985814,0.00011073913,2.5409781e-05,2.2900492e-06,1.823039e-06,8.571606e-09,0.00392156862745098,9
5805,523,0.5322075777414853,0.023529411764705882,0.0039215686274509665,4,6,2,0.99626476,0.0021440359,0.00067798374,0.0005710342,0.00017774418,8.219343e-09,0.00392156862745098,5
5813,443,0.7226547665188898,0.03529411764705882,0.0039215686274509665,4,2,2,0.99786323,0.0013339055,0.000521381,0.00022227857,3.5336638e-05,3.631223e-10,0.00392156862745098,8
5828,458,0.8338475921877495,0.0392156862745098,0.0039215686274509665,5,0,2,0.99364316,0.0043455963,0.0007954354,0.00070530036,0.00032214582,8.458124e-07,0.00392156862745098,9
5835,465,0.5816626264388751,0.027450980392156862,0.0039215686274509665,4,9,2,0.98758054,0.007977856,0.0017549846,0.0009815228,0.0008510022,2.2736515e-09,0.00392156862745098,6
5847,428,0.7114810648581392,0.03529411764705882,0.0039215686274509665,5,1,2,0.6224198,0.29892364,0.07597279,0.0014652931,0.0008927535,6.756784e-11,0.00392156862745098,8
5854,445,0.7197761196632764,0.03529411764705882,0.0039215686274509665,4,0,2,0.99455875,0.005425794,4.5547476e-06,3.997085e-06,3.9346587e-06,8.3223803e-16,0.00392156862745098,8
5863,456,0.8194858714008462,0.0392156862745098,0.0039215686274509665,4,7,2,0.8441499,0.1399689,0.008030057,0.007178261,0.0002786347,6.460807e-07,0.00392156862745098,9
5901,433,0.6335609376733085,0.03137254901960784,0.0039215686274509665,9,7,2,0.9995937,0.00034019435,6.522095e-05,7.841299e-07,2.0691337e-07,1.0413812e-23,0.00392156862745098,7
5948,525,0.8817775901948173,0.0392156862745098,0.0039215686274509665,6,2,2,0.99590695,0.0037694075,0.00021338931,6.7621404e-05,2.343526e-05,4.5035196e-15,0.00392156862745098,9
5954,459,0.5719174598929558,0.027450980392156862,0.0039215686274509665,4,0,3,0.7891351,0.2044327,0.004776786,0.0013491621,0.00019707945,9.834326e-09,0.00392156862745098,6
6006,523,0.5298328028005539,0.023529411764705882,0.0039215686274509665,8,0,4,0.8312348,0.058276553,0.044883113,0.032242745,0.011640697,9.427619e-06,0.00392156862745098,5
6009,533,0.8717445068355746,0.0392156862745098,0.007843137254901933,4,6,4,0.9994331,0.00021438862,0.00017700739,9.73232e-05,4.8352147e-05,4.3365108e-13,0.00392156862745098,9
6024,553,0.7240897983951615,0.03137254901960784,0.0039215686274509665,6,2,3,0.9852878,0.0058578807,0.00575297,0.0026191717,0.00029653654,1.8184129e-07,0.00392156862745098,7
6030,491,0.8364991767726084,0.0392156862745098,0.0039215686274509665,8,3,2,0.9999238,3.3651602e-05,2.6702535e-05,7.598589e-06,4.4030767e-06,2.7822935e-11,0.00392156862745098,9
6090,476,0.6687970574373874,0.03137254901960784,0.0039215686274509665,6,2,2,0.9075727,0.08963223,0.0017716759,0.0002873182,0.00026123424,7.055728e-11,0.00392156862745098,7
6160,412,0.4688530099554144,0.023529411764705882,0.0039215686274509665,4,2,2,0.932528,0.06102627,0.0044482267,0.0011191275,0.00045932338,5.709656e-07,0.00392156862745098,5
6174,460,0.7210995918037253,0.03529411764705882,0.0039215686274509665,9,3,2,0.87124735,0.079702504,0.033031553,0.008341359,0.00716348,1.7457424e-11,0.00392156862745098,8
6180,482,0.5990123872354512,0.027450980392156862,0.0039215686274509665,5,1,2,0.97930086,0.010878261,0.004840762,0.0032081006,0.0010001444,1.0615715e-09,0.00392156862745098,6
6193,548,0.8855714719816212,0.0392156862745098,0.0039215686274509665,4,6,2,0.99967027,0.00032181697,5.0482777e-06,1.1330761e-06,1.0768463e-06,3.0340116e-20,0.00392156862745098,9
6218,432,0.402242846994794,0.0196078431372549,0.0039215686274509665,4,6,5,0.79566586,0.16261365,0.023535835,0.012988616,0.0030942494,7.117013e-09,0.00392156862745098,4
6220,468,0.5648692574127318,0.027450980392156862,0.0039215686274509665,4,0,3,0.93211955,0.039290704,0.028156431,0.00027409606,0.00011957412,1.6805499e-10,0.00392156862745098,6
6235,491,0.7436311670257553,0.03529411764705882,0.0039215686274509665,4,2,2,0.9984491,0.0014774685,3.398289e-05,2.4352115e-05,7.8748135e-06,2.5519351e-15,0.00392156862745098,8
6250,447,0.5757765596777586,0.027450980392156862,0.0039215686274509665,7,2,2,0.48037213,0.42671344,0.04197625,0.022627758,0.0132295545,1.08848965e-08,0.00392156862745098,6
6256,506,0.5147422956307239,0.023529411764705882,0.0039215686274509665,4,6,2,0.9992454,0.0007535829,4.5981434e-07,2.53611e-07,1.8259408e-07,2.0828233e-20,0.00392156862745098,5
6257,506,0.6708633766474911,0.03137254901960784,0.0039215686274509665,6,2,2,0.9992872,0.0007084956,4.3120585e-06,4.54405e-08,5.258044e-09,1.6610031e-19,0.00392156862745098,7
6258,422,0.7049121873320732,0.03529411764705882,0.0039215686274509665,4,6,2,0.9989698,0.0009664076,4.1688076e-05,1.2112718e-05,7.2129415e-06,1.356526e-15,0.00392156862745098,8
6260,413,0.5404228910694373,0.027450980392156862,0.0039215686274509665,4,2,2,0.9643813,0.03417916,0.001107911,0.00014403566,5.9938066e-05,2.5489943e-08,0.00392156862745098,6
6264,489,0.7690375056660802,0.03529411764705882,0.0039215686274509665,5,3,2,0.96938413,0.02019141,0.007816001,0.0025011126,0.00010685824,1.5803484e-10,0.00392156862745098,8
6308,434,0.48611635631816164,0.023529411764705882,0.0039215686274509665,4,3,2,0.97942924,0.012637164,0.007460045,0.00029618057,0.00011404783,5.550428e-09,0.00392156862745098,5
6323,547,0.718910277918628,0.03137254901960784,0.0039215686274509665,4,6,2,0.998965,0.00078768056,0.00010148966,9.3573464e-05,4.527766e-05,4.2264044e-14,0.00392156862745098,7
6424,424,0.7782016750058617,0.03921568627450982,0.0039215686274509665,4,2,2,0.9961175,0.0038586203,2.3081957e-05,4.3071682e-07,3.153434e-07,3.1800984e-20,0.00392156862745098,9
6439,523,0.7886351536757822,0.03529411764705882,0.0039215686274509665,9,8,2,0.9775932,0.019021861,0.0018967029,0.0013394718,0.00013485896,6.2791135e-14,0.00392156862745098,8
6462,448,0.7921665695386636,0.0392156862745098,0.0039215686274509665,4,6,2,0.9994802,0.00049874786,1.3615769e-05,4.0559935e-06,3.3685903e-06,6.0759274e-24,0.00392156862745098,9
6464,504,0.5216128537934995,0.023529411764705882,0.0039215686274509665,6,2,2,0.9244843,0.041820638,0.01579709,0.015518511,0.0012981244,3.1326465e-05,0.00392156862745098,5
6473,515,0.8620942286398907,0.0392156862745098,0.007843137254901933,6,2,2,0.9999827,1.2185848e-05,4.786203e-06,3.7502815e-07,4.8854872e-08,6.2847264e-13,0.00392156862745098,9
6491,534,0.8911629887459259,0.0392156862745098,0.0039215686274509665,9,5,2,0.923179,0.06888123,0.005880937,0.0010301732,0.0007371692,1.1966541e-09,0.00392156862745098,9
6519,475,0.5812262157536224,0.027450980392156862,0.007843137254901933,4,6,2,0.9955081,0.004482017,7.213753e-06,2.0637062e-06,3.871703e-07,4.4151557e-20,0.00392156862745098,6
6526,514,0.6045960074131569,0.027450980392156862,0.0039215686274509665,6,2,2,0.9978046,0.0016912142,0.00048471292,1.6892202e-05,1.1861465e-06,6.430222e-11,0.00392156862745098,6
6542,521,0.7983354462965628,0.03529411764705882,0.0039215686274509665,9,8,2,0.9891474,0.009911842,0.0005747184,0.00017846556,0.00016465857,8.4421294e-14,0.00392156862745098,8
6551,511,0.768847507514728,0.03529411764705882,0.0039215686274509665,6,2,2,0.99998593,5.164935e-06,4.272585e-06,3.4284594e-06,9.72639e-07,7.450058e-15,0.00392156862745098,8
6556,445,0.6432089869131399,0.03137254901960784,0.0039215686274509665,4,2,2,0.97567755,0.023933493,0.00038255806,3.7345046e-06,1.7193954e-06,7.3973214e-16,0.00392156862745098,7
6557,494,0.8541460950627118,0.0392156862745098,0.0039215686274509665,5,0,2,0.9994041,0.0005344993,3.4188575e-05,2.3598004e-05,3.6922218e-06,1.4020652e-16,0.00392156862745098,9
6572,471,0.7456963542032697,0.03529411764705882,0.007843137254901933,6,2,2,0.9999368,5.7541587e-05,5.3612125e-06,2.1711918e-07,5.3650332e-08,1.6039888e-12,0.00392156862745098,8
6598,525,0.8735772747169877,0.0392156862745098,0.007843137254901933,4,0,2,0.9999132,7.822986e-05,7.193808e-06,7.496698e-07,6.565274e-07,6.007938e-20,0.00392156862745098,9
6608,387,0.7584561100655782,0.03921568627450982,0.0039215686274509665,4,7,2,0.978131,0.009198379,0.0077055464,0.0027167362,0.0013159296,6.412057e-06,0.00392156862745098,9
6638,506,0.8629055109336659,0.03921568627450982,0.007843137254901933,6,0,2,0.9999919,8.006226e-06,9.371829e-08,7.1005846e-09,5.05493e-09,3.949708e-11,0.00392156862745098,9
6652,446,0.7317272966080371,0.03529411764705882,0.0039215686274509665,4,3,2,0.9947455,0.002826906,0.0022321425,0.00012904158,5.8569036e-05,1.5475182e-12,0.00392156862745098,8
6653,424,0.5560612846163042,0.027450980392156876,0.0039215686274509665,4,2,3,0.9817198,0.01716384,0.0006265226,0.00029139203,0.0001318966,3.829857e-11,0.00392156862745098,6
6657,502,0.867810442133295,0.0392156862745098,0.0039215686274509665,6,0,2,0.99998343,1.4974201e-05,9.811994e-07,3.2610046e-07,1.7407142e-07,6.092541e-10,0.00392156862745098,9
6669,462,0.5784413425528272,0.027450980392156862,0.0039215686274509665,4,9,2,0.9959008,0.002903735,0.0008979795,0.00011596627,7.883777e-05,2.4297267e-10,0.00392156862745098,6
6670,498,0.42613577120646623,0.0196078431372549,0.007843137254901933,6,2,2,0.99911994,0.0007018212,0.0001705192,5.268384e-06,1.4851064e-06,3.6334394e-10,0.00392156862745098,4
6679,526,0.35737950088233006,0.01568627450980392,0.0039215686274509665,9,8,2,0.9367762,0.047092788,0.012549547,0.0018429495,0.0016950405,9.079617e-12,0.00392156862745098,3
6689,479,0.5061558768070339,0.023529411764705882,0.0039215686274509665,4,2,2,0.99667764,0.0030022305,0.00020624457,8.099238e-05,1.2578708e-05,4.966757e-10,0.00392156862745098,5
6690,489,0.753594487809525,0.03529411764705882,0.0039215686274509665,6,2,2,0.9999882,9.929345e-06,1.8711603e-06,4.5178016e-08,1.949839e-08,3.6366487e-12,0.00392156862745098,8
6699,419,0.6372277520611636,0.03137254901960784,0.0039215686274509665,9,7,2,0.9818604,0.012543528,0.0032470636,0.0012402937,0.00041139824,4.8316056e-11,0.00392156862745098,7
6720,484,0.674760555306331,0.03137254901960784,0.007843137254901933,6,2,2,0.9999778,1.8300225e-05,3.3578838e-06,3.0140188e-07,1.6358769e-07,2.7794908e-10,0.00392156862745098,7
6729,527,0.8039120037690198,0.03529411764705882,0.0039215686274509665,4,6,2,0.99670047,0.002657548,0.00046539673,0.00012819898,2.9183127e-05,4.2859285e-09,0.00392156862745098,8
6731,477,0.8439394268829936,0.0392156862745098,0.0039215686274509665,8,0,2,0.99936146,0.00034895013,0.00022437626,4.3599488e-05,1.2849129e-05,5.4800386e-09,0.00392156862745098,9
6761,494,0.5118811376830801,0.023529411764705882,0.0039215686274509665,4,9,2,0.99279964,0.0035494147,0.0017351346,0.0009424415,0.00066506607,9.470449e-13,0.00392156862745098,5
6767,455,0.5018995060635655,0.023529411764705882,0.0235294117647058,6,2,2,0.9989962,0.00086800783,0.00013339976,1.703492e-06,2.909724e-07,1.2590737e-11,0.00392156862745098,5
6769,431,0.8052213309223707,0.0392156862745098,0.0039215686274509665,9,7,2,0.9788183,0.019431932,0.0008600233,0.00084770547,3.3181004e-05,4.3751383e-14,0.00392156862745098,9
6784,482,0.7435380987330699,0.03529411764705884,0.007843137254901933,3,2,2,0.98623717,0.013757718,2.5968773e-06,2.2182949e-06,1.0039145e-07,5.8310826e-12,0.00392156862745098,8
6797,533,0.5401382482123006,0.023529411764705882,0.0039215686274509665,4,6,4,0.9965126,0.0014787271,0.0013214834,0.00054903113,8.0561316e-05,1.7939907e-08,0.00392156862745098,5
6806,451,0.8328141404547169,0.0392156862745098,0.039215686274509665,8,6,4,0.9589486,0.030527672,0.010307716,0.00017853484,3.584395e-05,1.0606738e-12,0.00392156862745098,9
6817,492,0.4285827793667211,0.0196078431372549,0.0039215686274509665,4,9,2,0.9181604,0.04035481,0.018000806,0.016851861,0.0029541615,8.815098e-06,0.00392156862745098,4
6844,475,0.7542982052155414,0.03529411764705882,0.0039215686274509665,3,2,2,0.9381378,0.061739217,8.568863e-05,2.1437854e-05,9.495705e-06,1.01840125e-11,0.00392156862745098,8
6887,470,0.7242066016306692,0.03529411764705882,0.0039215686274509665,4,6,2,0.9568177,0.043138854,4.1609394e-05,8.805676e-07,3.3845168e-07,1.5715598e-17,0.00392156862745098,8
6893,452,0.721078264752516,0.03529411764705882,0.0039215686274509665,9,8,2,0.8615275,0.1261386,0.008586861,0.0035461802,0.00019398995,5.676895e-14,0.00392156862745098,8
6901,461,0.48919112673627707,0.023529411764705896,0.0039215686274509665,4,0,2,0.9627187,0.0369975,0.00025071457,1.20663035e-05,1.199104e-05,2.0033092e-14,0.00392156862745098,5
6947,502,0.7650476863060124,0.03529411764705882,0.0039215686274509665,7,0,2,0.9341743,0.064568244,0.00097034173,0.0001704682,5.8009064e-05,1.3315755e-13,0.00392156862745098,8
6954,455,0.5799415314760579,0.027450980392156862,0.007843137254901933,6,2,2,0.9974412,0.0024780855,5.2434683e-05,2.4269713e-05,3.8384155e-06,1.1307116e-09,0.00392156862745098,6
7002,453,0.7318008523531555,0.03529411764705882,0.0039215686274509665,4,2,2,0.999584,0.00041281685,2.1537294e-06,8.030909e-07,1.5225481e-07,1.1124387e-17,0.00392156862745098,8
7009,410,0.7612490999887981,0.0392156862745098,0.00392156862745098,4,0,2,0.825761,0.1716799,0.001160809,0.0010839283,0.0002397787,2.4549197e-12,0.00392156862745098,9
7016,446,0.8047055001336852,0.0392156862745098,0.0039215686274509665,9,7,2,0.99206614,0.004845873,0.0024468352,0.0005436182,6.725528e-05,1.3114314e-12,0.00392156862745098,9
7036,449,0.40325473225365505,0.0196078431372549,0.0039215686274509665,4,2,2,0.62825406,0.32381967,0.047409806,0.00022568792,0.00019642929,3.0690686e-09,0.00392156862745098,4
7049,451,0.655136743168275,0.03137254901960784,0.0039215686274509665,6,2,2,0.93953216,0.026857594,0.019755589,0.009465503,0.0032493863,1.5982672e-05,0.00392156862745098,7
7061,451,0.582969898318302,0.027450980392156862,0.027450980392156765,9,5,3,0.8471186,0.1313932,0.009025936,0.0058382154,0.005811549,3.6576846e-09,0.00392156862745098,6
7087,411,0.6267765983726489,0.03137254901960784,0.0039215686274509665,9,7,2,0.99801314,0.0013457356,0.00058771856,1.949323e-05,1.674049e-05,1.9211402e-14,0.00392156862745098,7
7090,441,0.6465476293249972,0.03137254901960786,0.0039215686274509665,4,6,2,0.9984143,0.0015528137,2.3014147e-05,5.2906744e-06,3.915221e-06,5.8319436e-17,0.00392156862745098,7
7094,504,0.8597362863822018,0.0392156862745098,0.0039215686274509665,9,7,2,0.8912321,0.09954252,0.0059109656,0.0028949953,0.00026715815,1.8502564e-11,0.00392156862745098,9
7102,511,0.5959107091176163,0.027450980392156862,0.0039215686274509665,6,2,2,0.9898343,0.0099495435,0.00012046217,7.8988814e-05,8.544219e-06,1.2465125e-16,0.00392156862745098,6
7108,480,0.8400765238573074,0.0392156862745098,0.0039215686274509665,9,3,2,0.9941446,0.004837804,0.00091242313,0.000104739556,2.07907e-07,1.9506215e-19,0.00392156862745098,9
7124,365,0.6685555708588571,0.03529411764705882,0.0039215686274509665,4,2,2,0.96264035,0.029642778,0.0049600843,0.0016416976,0.000694167,3.8691627e-07,0.00392156862745098,8
7137,503,0.8658855498662203,0.0392156862745098,0.0039215686274509665,5,0,2,0.99493945,0.004855206,8.7476794e-05,7.0638e-05,4.7061654e-05,5.0228962e-14,0.00392156862745098,9
7141,476,0.8309654941340028,0.0392156862745098,0.0039215686274509665,8,5,2,0.9998566,7.9919664e-05,5.7910038e-05,3.3833448e-06,1.1908869e-06,3.048418e-13,0.00392156862745098,9
7166,533,0.8925252417660472,0.0392156862745098,0.0039215686274509665,4,6,3,0.9982376,0.00078851456,0.0007375139,0.00013594958,6.37099e-05,7.403354e-10,0.00392156862745098,9
7179,487,0.5828511765800536,0.027450980392156862,0.0039215686274509665,6,5,2,1.0,2.8898226e-08,2.0124636e-08,1.1118098e-08,3.5167208e-10,1.9243398e-15,0.00392156862745098,6
7211,456,0.49618304717253514,0.023529411764705882,0.0039215686274509665,4,2,2,0.9976476,0.0017258767,0.0005566315,2.7381931e-05,1.6438882e-05,5.24513e-10,0.00392156862745098,5
7217,528,0.808195240228705,0.03529411764705882,0.007843137254901933,9,3,3,0.99342716,0.005271324,0.0011122158,0.0001590139,1.1222696e-05,6.3853172e-15,0.00392156862745098,8
7220,409,0.713779355864353,0.03529411764705882,0.0352941176470587,6,2,2,0.99985325,0.00012180443,2.3042283e-05,1.159538e-06,4.046465e-07,3.8217868e-10,0.00392156862745098,8
7224,491,0.5023129891813923,0.023529411764705882,0.0117647058823529,6,2,2,0.9874528,0.010376314,0.0015000658,0.0005149368,0.00014657472,9.773743e-11,0.00392156862745098,5
7227,463,0.6668396546036692,0.03137254901960786,0.0039215686274509665,4,7,2,0.98668927,0.008189995,0.003520577,0.00061468204,0.0003445273,5.6914917e-08,0.00392156862745098,7
7279,429,0.24351646582368652,0.011764705882352941,0.00784313725490196,5,0,3,0.6954822,0.12754512,0.10103493,0.04506518,0.015869234,0.00031800417,0.00392156862745098,2
7282,466,0.33166827505072705,0.01568627450980392,0.00392156862745098,4,6,2,0.6605258,0.3200338,0.008159734,0.0050057108,0.0031080826,1.2025113e-10,0.00392156862745098,3
7284,501,0.5163531064738227,0.023529411764705882,0.0039215686274509665,7,2,2,0.81899524,0.102773026,0.072176196,0.003695072,0.0018907135,1.3334662e-12,0.00392156862745098,5
7291,482,0.6787486507336428,0.03137254901960786,0.0039215686274509665,6,2,2,0.9995733,0.00036896314,5.3589905e-05,1.7211552e-06,1.7055248e-06,1.0116219e-08,0.00392156862745098,7
7296,402,0.7694173612156792,0.0392156862745098,0.0039215686274509665,4,0,4,0.98609877,0.009984083,0.002832519,0.00047264868,0.0003085006,2.5330646e-10,0.00392156862745098,9
7297,486,0.7600157832392553,0.03529411764705882,0.0039215686274509665,8,3,2,0.9856493,0.009940545,0.0015649378,0.0008475741,0.0006971545,3.3652198e-06,0.00392156862745098,8
7299,431,0.7249918797355107,0.03529411764705882,0.0039215686274509665,4,7,2,0.96913975,0.02016429,0.004219134,0.0028856574,0.002307301,6.3990487e-06,0.00392156862745098,8
7311,471,0.6794733016864817,0.03137254901960784,0.0039215686274509665,5,1,2,0.98799545,0.007701725,0.0026441475,0.0011934878,0.0002947191,4.9362645e-12,0.00392156862745098,7
7312,517,0.7986917407435894,0.03529411764705882,0.0039215686274509665,9,5,2,0.92735636,0.026695415,0.025213664,0.016735466,0.0028725693,1.5217125e-09,0.00392156862745098,8
7337,443,0.24581072853670283,0.011764705882352955,0.0039215686274509665,2,8,2,0.5056965,0.35162172,0.055901423,0.04608903,0.02475621,4.2313448e-05,0.00392156862745098,2
7441,487,0.6694061361859465,0.03137254901960784,0.0039215686274509665,8,3,2,0.9997514,0.00010373703,7.1929084e-05,3.6567966e-05,1.9956125e-05,3.9540413e-11,0.00392156862745098,7
7456,487,0.513261278065769,0.023529411764705882,0.0039215686274509665,6,2,2,0.9501351,0.025637578,0.018742146,0.0043748035,0.0007978838,9.826072e-09,0.00392156862745098,5
7489,474,0.6749314687468687,0.03137254901960784,0.0039215686274509665,4,5,2,0.9915559,0.0050742393,0.0020517034,0.0010837242,0.00012665064,1.1523586e-07,0.00392156862745098,7
7532,470,0.7572385534531584,0.03529411764705882,0.0039215686274509665,1,3,2,0.98481214,0.007851022,0.0047833873,0.0012629943,0.0008492627,1.0022159e-06,0.00392156862745098,8
7560,471,0.4985021779053662,0.023529411764705882,0.0039215686274509665,4,2,2,0.9995567,0.00039748335,3.5186993e-05,3.6783645e-06,3.6759411e-06,7.854149e-15,0.00392156862745098,5
7562,512,0.8626203118311653,0.0392156862745098,0.0039215686274509665,6,2,2,0.97102237,0.012353396,0.012053467,0.0040330286,0.0005022956,1.5681526e-10,0.00392156862745098,9
7637,529,0.7068620652141078,0.03137254901960784,0.0039215686274509665,4,6,2,0.99976987,0.00014060101,7.158072e-05,1.3096303e-05,1.6153516e-06,9.338061e-16,0.00392156862745098,7
7677,516,0.8818647887146744,0.0392156862745098,0.0039215686274509665,4,6,2,0.9352499,0.050825708,0.009805196,0.0040679504,3.0418561e-05,1.0433363e-12,0.00392156862745098,9
7684,492,0.6884894229438634,0.03137254901960784,0.0039215686274509665,6,2,2,0.99960595,0.00011099589,9.5897834e-05,8.601205e-05,7.311208e-05,2.6732104e-07,0.00392156862745098,7
7703,480,0.8338383706071623,0.0392156862745098,0.007843137254901933,4,6,3,0.9987173,0.00127382,7.215548e-06,8.8301124e-07,8.484065e-07,2.4999895e-19,0.00392156862745098,9
7711,488,0.5072333381805494,0.023529411764705882,0.00392156862745098,6,2,2,1.0,4.3425416e-08,2.3752846e-09,1.869642e-09,5.8685873e-10,6.278287e-15,0.00392156862745098,5
7714,476,0.8466138991267148,0.0392156862745098,0.0039215686274509665,9,7,2,0.94224834,0.04681078,0.005917671,0.003940102,0.00064013695,5.5381744e-10,0.00392156862745098,9
7715,529,0.8736300859659984,0.0392156862745098,0.00392156862745098,6,0,2,0.9999968,3.1631755e-06,5.7438143e-08,6.735926e-09,9.51571e-10,3.7196385e-14,0.00392156862745098,9
7723,494,0.42396491770163347,0.0196078431372549,0.007843137254901933,4,6,2,0.99906725,0.0007740817,5.2382355e-05,4.7544498e-05,3.227814e-05,2.1892183e-14,0.00392156862745098,4
7724,521,0.7738617293567456,0.03529411764705882,0.0039215686274509665,6,0,3,0.9999989,9.3237423e-07,1.18117846e-07,2.406438e-08,1.9130648e-09,3.913217e-15,0.00392156862745098,8
7725,483,0.8429365926287795,0.03921568627450982,0.0039215686274509665,4,7,2,0.9971681,0.0015677852,0.00044531154,0.00038233394,0.00023944942,6.5856715e-10,0.00392156862745098,9
7726,424,0.7037877419348872,0.03529411764705882,0.0039215686274509665,4,9,2,0.9695441,0.02089828,0.005276437,0.0036336463,0.00042053906,5.1118923e-14,0.00392156862745098,8
7735,448,0.7470356643005898,0.03529411764705882,0.0352941176470587,5,8,2,0.8267046,0.122680604,0.026591668,0.023596833,0.00030256194,3.4749155e-09,0.00392156862745098,8
7762,470,0.8289736014095435,0.0392156862745098,0.007843137254901933,3,2,2,0.9996668,0.00030960832,1.8385974e-05,4.8418487e-06,3.4572275e-07,1.7312158e-13,0.00392156862745098,9
7793,542,0.7145330488459699,0.03137254901960784,0.0039215686274509665,8,3,2,0.76782745,0.18914935,0.03822786,0.0018699784,0.0017498235,7.6836966e-12,0.00392156862745098,7
7817,520,0.6201412447166308,0.027450980392156862,0.0039215686274509665,4,6,4,0.99902654,0.00045651302,0.0003693644,5.9480364e-05,5.703747e-05,2.5917708e-12,0.00392156862745098,6
7854,462,0.41275324848736206,0.0196078431372549,0.0039215686274509665,4,2,2,0.9956548,0.0042507444,6.908449e-05,1.7887574e-05,5.8332216e-06,3.3838011e-15,0.00392156862745098,4
7908,461,0.8316222340563374,0.0392156862745098,0.0039215686274509665,8,0,2,0.79793715,0.14433718,0.03664972,0.010808352,0.0052972976,3.529961e-05,0.00392156862745098,9
7937,491,0.8149883892342858,0.0392156862745098,0.0039215686274509665,6,2,2,0.99471176,0.005071491,0.00018438566,2.6840686e-05,5.3674053e-06,7.213541e-15,0.00392156862745098,9
7970,516,0.7740703642909402,0.03529411764705882,0.007843137254901933,6,2,2,0.9999932,3.251793e-06,1.2593795e-06,1.2428095e-06,7.581746e-07,3.9805373e-12,0.00392156862745098,8
8076,472,0.8318718441504968,0.0392156862745098,0.0039215686274509665,6,2,2,0.9999943,4.7848803e-06,9.124765e-07,5.3849334e-08,3.0169712e-08,9.430966e-13,0.00392156862745098,9
8100,452,0.66132810579472,0.03137254901960784,0.0039215686274509665,6,2,2,0.99846387,0.0010032008,0.00028845228,0.00019814222,2.5164809e-05,7.1486115e-09,0.00392156862745098,7
8105,459,0.812635698306593,0.0392156862745098,0.00392156862745098,6,2,2,0.9999912,8.456625e-06,1.8891275e-07,1.3883692e-07,2.3337389e-08,2.1800572e-11,0.00392156862745098,9
8136,499,0.8550908228155408,0.0392156862745098,0.007843137254901933,8,3,2,0.99930227,0.00031026587,0.00021768622,6.4378364e-05,5.317792e-05,6.67875e-09,0.00392156862745098,9
8144,452,0.8192794163254735,0.0392156862745098,0.0039215686274509665,7,2,3,0.5371491,0.42278835,0.021016018,0.008437961,0.00612885,1.730681e-07,0.00392156862745098,9
8146,514,0.5995897610733572,0.027450980392156862,0.0039215686274509665,6,2,2,0.99958616,0.00032802933,5.6943725e-05,2.3905835e-05,2.354456e-06,5.8984165e-13,0.00392156862745098,6
8174,485,0.42550374967118265,0.0196078431372549,0.0039215686274509665,4,6,2,0.9646296,0.02224088,0.012774001,0.00015609192,0.000112857415,7.9311285e-10,0.00392156862745098,4
8179,441,0.7259775787370509,0.03529411764705882,0.0039215686274509665,4,6,2,0.99914217,0.0006919611,6.484779e-05,4.1898795e-05,2.9272704e-05,1.3666362e-13,0.00392156862745098,8
8191,483,0.7661324049902614,0.03529411764705882,0.0039215686274509665,6,2,2,0.99975747,0.0002401621,1.5098044e-06,4.948572e-07,2.9853288e-07,3.5506822e-10,0.00392156862745098,8
8208,478,0.6647261261305111,0.03137254901960784,0.007843137254901933,4,6,2,0.9963786,0.0024744412,0.00061252614,0.0002880786,0.00015399457,1.6945934e-11,0.00392156862745098,7
8215,437,0.5686815390097142,0.027450980392156876,0.0039215686274509665,4,2,2,0.9925661,0.0042654756,0.0022871466,0.00038601382,0.00038498096,7.7974775e-08,0.00392156862745098,6
8221,441,0.7941442745475252,0.0392156862745098,0.0039215686274509665,8,3,2,0.9985959,0.0008914395,0.000338008,0.00015165465,1.2752876e-05,4.1691802e-08,0.00392156862745098,9
8235,469,0.4160745504429893,0.0196078431372549,0.0039215686274509665,4,6,2,0.9966723,0.0031648919,6.615919e-05,3.6254944e-05,3.5480447e-05,1.0788043e-13,0.00392156862745098,4
8270,476,0.5767772960266736,0.027450980392156862,0.0039215686274509665,4,9,2,0.9948778,0.0021368815,0.0014677835,0.00085285696,0.0006291872,4.511743e-13,0.00392156862745098,6
8282,496,0.7653591980486525,0.03529411764705882,0.007843137254901933,6,2,2,0.97810215,0.015041647,0.0040761773,0.0026004955,0.00015517446,1.5464752e-13,0.00392156862745098,8
8287,433,0.6352941176470583,0.03137254901960784,0.0039215686274509665,9,7,2,0.8560742,0.120602794,0.013884381,0.009309145,0.00012140398,5.8839847e-13,0.00392156862745098,7
8298,436,0.24345330502225476,0.011764705882352941,0.007843137254901933,4,6,2,0.7387373,0.21090436,0.024124194,0.012145836,0.0065512313,1.6021535e-05,0.00392156862745098,2
8300,481,0.5102411398165042,0.023529411764705882,0.0039215686274509665,8,0,2,0.9570626,0.030334564,0.004916257,0.0034554368,0.002291161,2.502292e-08,0.00392156862745098,5
8307,463,0.7458200835845372,0.03529411764705884,0.0039215686274509665,5,7,3,0.99917287,0.0004022149,0.00020560276,0.0001689158,2.7164437e-05,2.5454453e-11,0.00392156862745098,8
8326,510,0.8485915689561717,0.03921568627450982,0.0039215686274509665,6,2,2,0.9997757,0.00022319895,1.1236244e-06,5.3728466e-10,6.005971e-11,1.0788445e-22,0.00392156862745098,9
8328,450,0.8118120664407255,0.0392156862745098,0.0039215686274509665,6,2,2,0.9998287,7.345353e-05,3.2563643e-05,3.065306e-05,2.3402517e-05,7.769285e-09,0.00392156862745098,9
8336,456,0.736346958655851,0.03529411764705882,0.0039215686274509665,6,2,2,0.99741924,0.0025697395,6.2045046e-06,2.5745385e-06,1.5677215e-06,1.0212552e-08,0.00392156862745098,8
8339,481,0.774060430569222,0.03529411764705882,0.0352941176470587,5,4,2,0.9974904,0.0013188808,0.0011681216,2.2189704e-05,2.3504484e-07,1.6941874e-16,0.00392156862745098,8
8344,494,0.7600562515858796,0.03529411764705882,0.0039215686274509665,4,2,2,0.9995332,0.00028714124,9.329645e-05,7.7897705e-05,7.918839e-06,1.10575e-14,0.00392156862745098,8
8346,511,0.8504832739730729,0.03921568627450982,0.0039215686274509665,4,6,2,0.99919635,0.00052510295,0.00025357716,9.394402e-06,6.698297e-06,1.8476156e-12,0.00392156862745098,9
8360,496,0.6788732551649374,0.03137254901960784,0.007843137254901933,3,2,2,1.0,3.5975127e-08,1.2861955e-10,2.4671341e-11,6.253733e-13,1.0578007e-27,0.00392156862745098,7
8366,437,0.8015172079743319,0.0392156862745098,0.007843137254901933,8,3,2,0.60945475,0.25326484,0.091308385,0.028766347,0.01284353,2.013805e-05,0.00392156862745098,9
8370,443,0.40740927148805156,0.0196078431372549,0.0039215686274509665,4,2,2,0.99449676,0.0051831594,0.00018050907,0.0001015627,1.59979e-05,1.9011882e-10,0.00392156862745098,4
8398,511,0.7785276771563246,0.03529411764705882,0.0039215686274509665,6,2,2,0.9539986,0.04143027,0.003026178,0.0005542351,0.00041139615,2.363781e-09,0.00392156862745098,8
8449,449,0.39712538778769646,0.0196078431372549,0.0039215686274509665,0,5,2,0.9141635,0.0726942,0.010810078,0.0012279805,0.00059631636,3.8890285e-10,0.00392156862745098,4
8454,431,0.8051353820742794,0.0392156862745098,0.0039215686274509665,6,2,2,0.9999536,4.2532e-05,1.4501072e-06,8.2767525e-07,7.83835e-07,2.2548645e-09,0.00392156862745098,9
8458,465,0.6530442125615757,0.03137254901960784,0.0039215686274509665,4,9,2,0.7776966,0.04541097,0.04453508,0.030729696,0.028816117,0.002264245,0.00392156862745098,7
8482,472,0.6655931379588896,0.03137254901960784,0.0039215686274509665,8,3,2,0.99888164,0.00037980595,0.00032803393,0.00022647218,0.00013995351,4.398137e-07,0.00392156862745098,7
8500,512,0.861103607760837,0.0392156862745098,0.00392156862745098,6,2,2,0.9999939,6.0624784e-06,1.5545266e-08,6.839835e-11,4.207828e-11,7.054222e-15,0.00392156862745098,9
8526,505,0.8514862506602413,0.0392156862745098,0.0039215686274509665,6,2,2,0.99929726,0.00069889275,3.0354881e-06,7.547969e-07,5.972156e-08,5.0084423e-15,0.00392156862745098,9
8535,483,0.8136664282841727,0.0392156862745098,0.0039215686274509665,8,3,3,0.98435265,0.01129445,0.0023929784,0.0012207559,0.0006234446,4.1840179e-10,0.00392156862745098,9
8558,484,0.5970193811628264,0.027450980392156862,0.0039215686274509665,9,7,2,0.48866573,0.29753292,0.20976444,0.0019568217,0.0012100736,8.1280656e-11,0.00392156862745098,6
8560,410,0.4676706945151319,0.023529411764705882,0.0039215686274509665,4,3,2,0.95315605,0.041292787,0.004023603,0.0009545541,0.00038131094,1.9042803e-07,0.00392156862745098,5
8562,441,0.803605868189081,0.0392156862745098,0.0039215686274509665,7,3,2,0.97571427,0.014589753,0.006691854,0.0022048303,0.0005830641,1.6254255e-11,0.00392156862745098,9
8621,490,0.8245931505284888,0.0392156862745098,0.0039215686274509665,6,2,2,0.9990669,0.00093049806,2.3465702e-06,2.2534218e-07,1.1991475e-08,1.0463192e-21,0.00392156862745098,9
8626,545,0.7202246648501531,0.03137254901960784,0.0039215686274509665,9,3,2,0.9948965,0.0031534208,0.0016077983,0.0002374903,6.329165e-05,1.071652e-15,0.00392156862745098,7
8634,415,0.5459296801661128,0.027450980392156862,0.0039215686274509665,4,2,2,0.99716884,0.0027541285,3.7418158e-05,1.6647715e-05,9.705934e-06,1.4445352e-11,0.00392156862745098,6
8658,504,0.4334708325904419,0.0196078431372549,0.0039215686274509665,6,2,2,0.987966,0.011675082,0.00016278027,0.00012446895,6.0628183e-05,4.3253405e-13,0.00392156862745098,4
8715,460,0.6728662145734023,0.03137254901960784,0.03137254901960773,6,2,2,0.99998844,1.0153451e-05,9.379044e-07,5.07264e-07,1.8779163e-08,3.617972e-18,0.00392156862745098,7
8720,523,0.5988968456729554,0.027450980392156862,0.0039215686274509665,6,2,2,0.95666665,0.03546597,0.0052953763,0.0022302563,0.00033582875,2.0477146e-11,0.00392156862745098,6
8733,518,0.858492191433787,0.03921568627450982,0.007843137254901933,6,8,2,0.9999963,3.295853e-06,2.482381e-07,6.2414884e-08,5.7440307e-08,4.117567e-11,0.00392156862745098,9
8747,419,0.7034708262489023,0.03529411764705882,0.0039215686274509665,4,3,2,0.99447167,0.005481262,3.1230604e-05,6.1344876e-06,5.7427324e-06,4.790392e-13,0.00392156862745098,8
8755,513,0.8603174400503262,0.0392156862745098,0.0039215686274509665,4,6,2,0.932342,0.067625254,2.867878e-05,2.868325e-06,8.8229086e-07,1.1317293e-14,0.00392156862745098,9
8770,522,0.6984356662240995,0.03137254901960784,0.0039215686274509665,6,5,2,0.999767,0.00013386642,9.4578245e-05,3.6329645e-06,4.768513e-07,2.4072751e-12,0.00392156862745098,7
8776,463,0.42059623375547295,0.0196078431372549,0.0039215686274509665,9,7,2,0.5460787,0.405377,0.04452034,0.0022790509,0.00068433373,7.7821056e-08,0.00392156862745098,4
8797,505,0.6028000791385626,0.027450980392156876,0.0039215686274509665,6,8,2,0.9238553,0.027408099,0.02337938,0.017041994,0.0075361244,1.0135934e-06,0.00392156862745098,6
8807,472,0.5758833877429995,0.027450980392156862,0.0039215686274509665,6,2,2,0.99559206,0.0021667283,0.0016190774,0.000533967,7.856291e-05,3.8598996e-11,0.00392156862745098,6
8820,474,0.5861794138889598,0.027450980392156862,0.0039215686274509665,6,2,2,0.9995803,0.0001819129,0.00010601115,8.527135e-05,3.308479e-05,1.8068944e-08,0.00392156862745098,6
8854,449,0.40466332045535425,0.019607843137254916,0.007843137254901933,4,6,2,0.9630538,0.03579335,0.00034599844,0.00026112638,0.00024397147,2.5968852e-11,0.00392156862745098,4
8869,516,0.7714334535402647,0.03529411764705882,0.007843137254901933,4,6,2,0.9819802,0.017535899,0.00034243776,0.00013183852,4.1551602e-06,2.1030471e-12,0.00392156862745098,8
8875,479,0.6641590671187027,0.03137254901960784,0.0039215686274509665,4,2,2,0.5563739,0.43348503,0.010077589,3.4914807e-05,1.8274164e-05,1.7681443e-13,0.00392156862745098,7
8887,479,0.33515075481131734,0.01568627450980392,0.0039215686274509665,4,3,2,0.7053792,0.24589643,0.04644815,0.0017878355,0.00023497506,3.3020369e-09,0.00392156862745098,3
8892,485,0.7474164138253294,0.03529411764705882,0.007843137254901933,8,3,2,0.38854057,0.2585478,0.17612033,0.08824012,0.07321877,2.28142e-06,0.00392156862745098,8
8911,499,0.5153842401865616,0.023529411764705882,0.0039215686274509665,6,2,2,0.9947002,0.004493284,0.00043484184,0.00021579264,0.000100466656,1.377094e-10,0.00392156862745098,5
8930,472,0.7317483132896896,0.03529411764705882,0.0039215686274509665,4,2,2,0.99459743,0.0052847383,9.973366e-05,8.011047e-06,4.9517707e-06,7.680492e-13,0.00392156862745098,8
8946,490,0.7382867206002591,0.03529411764705882,0.0039215686274509665,3,2,2,1.0,1.3663215e-08,2.7966145e-12,9.188606e-15,6.2862673e-15,7.005706e-28,0.00392156862745098,8
8947,506,0.8564206693776898,0.0392156862745098,0.0039215686274509665,6,5,2,0.99999106,5.386483e-06,1.4572986e-06,1.058922e-06,8.1138114e-07,4.2889216e-13,0.00392156862745098,9
8948,509,0.7613501029347489,0.03529411764705882,0.00392156862745098,3,2,2,1.0,2.632206e-09,1.2461391e-09,4.5862047e-10,1.8707886e-11,2.997054e-22,0.00392156862745098,8
8950,456,0.7351973792572596,0.03529411764705882,0.0039215686274509665,4,2,2,0.99587077,0.0034344695,0.0003351223,0.00026311164,6.675103e-05,2.1901756e-09,0.00392156862745098,8
8971,391,0.7636292068482647,0.0392156862745098,0.0039215686274509665,9,7,2,0.9932073,0.005452098,0.001290167,3.509657e-05,1.03661e-05,4.7769683e-14,0.00392156862745098,9
8981,508,0.5125716723919842,0.023529411764705882,0.0039215686274509665,6,2,2,0.987905,0.00987127,0.0014145911,0.0007144178,5.8332156e-05,4.0296936e-11,0.00392156862745098,5
8995,503,0.6875618178491953,0.03137254901960784,0.0039215686274509665,4,9,2,0.991488,0.0065122284,0.0013250712,0.00047624015,0.00017227414,4.3565485e-11,0.00392156862745098,7
9004,486,0.8429092258903786,0.0392156862745098,0.007843137254901933,3,2,2,0.8928651,0.10707925,3.3743723e-05,1.598477e-05,4.9221653e-06,4.064133e-11,0.00392156862745098,9
9008,470,0.5016083321450656,0.023529411764705882,0.0039215686274509665,8,0,4,0.63358974,0.24632572,0.08364943,0.021932283,0.010601063,7.4689397e-06,0.00392156862745098,5
9024,477,0.5063685154443298,0.023529411764705882,0.0039215686274509665,6,2,2,0.9886746,0.010836012,0.00025162773,9.401323e-05,8.8786794e-05,8.763756e-11,0.00392156862745098,5
9025,530,0.7949088288200732,0.03529411764705882,0.0039215686274509665,4,6,3,0.9962924,0.0018629271,0.0011349005,0.0006374693,4.0348164e-05,2.508254e-08,0.00392156862745098,8
9046,452,0.6969367809105265,0.03529411764705882,0.007843137254901933,4,9,2,0.9982681,0.0006730721,0.000550731,0.00026426974,0.00024200759,2.8460527e-19,0.00392156862745098,8
9049,497,0.5141145062047906,0.023529411764705882,0.0039215686274509665,6,2,2,0.9928284,0.0062599704,0.0005329085,0.00026470926,5.5199594e-05,4.3124634e-10,0.00392156862745098,5
9081,450,0.3280785344976937,0.01568627450980392,0.0039215686274509665,9,7,2,0.9743807,0.021428382,0.0030629034,0.0010707234,2.3343355e-05,8.292388e-14,0.00392156862745098,3
9119,416,0.7874935540401248,0.0392156862745098,0.0039215686274509665,9,7,2,0.9818687,0.009550851,0.00789053,0.00043417717,0.00014738327,1.7191068e-11,0.00392156862745098,9
9122,521,0.7077209171546639,0.03137254901960784,0.0039215686274509665,9,5,2,0.99459463,0.0020275144,0.0018069978,0.0008051834,0.0007178147,6.345405e-12,0.00392156862745098,7
9132,484,0.5133960925700595,0.023529411764705882,0.0039215686274509665,9,7,2,0.9475032,0.048578363,0.0037269646,0.00012763211,4.6519643e-05,1.5382378e-14,0.00392156862745098,5
9134,445,0.5736224157874991,0.027450980392156862,0.007843137254901933,8,3,2,0.9445973,0.025094645,0.02136297,0.00460381,0.0017821406,1.3292383e-05,0.00392156862745098,6
9137,418,0.7052938723445575,0.03529411764705882,0.007843137254901933,4,2,2,0.84420204,0.15224208,0.002025397,0.00067000074,0.00061767636,1.3131611e-12,0.00392156862745098,8
9141,490,0.8441307416260184,0.0392156862745098,0.0039215686274509665,3,5,2,0.973129,0.010524983,0.006954274,0.005831848,0.0025547917,4.153878e-18,0.00392156862745098,9
9149,514,0.7885181425986513,0.03529411764705882,0.007843137254901933,4,9,2,0.9957273,0.0036408661,0.00026389642,0.00018187202,0.0001324618,8.9855866e-11,0.00392156862745098,8
9161,449,0.6647723953072026,0.03137254901960784,0.03137254901960773,1,2,2,0.9999832,5.378053e-06,3.3441343e-06,3.0431445e-06,2.6080581e-06,9.8281365e-09,0.00392156862745098,7
9177,506,0.51477217126821,0.023529411764705896,0.007843137254901933,6,2,2,0.99994445,1.922502e-05,1.3487203e-05,1.3367577e-05,6.753265e-06,1.7879092e-11,0.00392156862745098,5
9185,452,0.735406527355271,0.03529411764705884,0.0039215686274509665,8,5,2,0.9952402,0.0015889717,0.0010297337,0.0009686086,0.00077071873,1.2071007e-05,0.00392156862745098,8
9210,510,0.42878008871121964,0.0196078431372549,0.007843137254901933,6,2,2,0.9993438,0.0005122501,0.0001051332,3.24277e-05,5.349461e-06,1.3591788e-15,0.00392156862745098,4
9217,489,0.8426628852498623,0.0392156862745098,0.00392156862745098,6,2,2,0.9999964,1.1189562e-06,9.590548e-07,8.3044165e-07,4.2635872e-07,1.2640869e-12,0.00392156862745098,9
9254,480,0.5049086235996697,0.023529411764705882,0.0039215686274509665,6,2,2,0.9891371,0.010842064,9.386934e-06,4.839257e-06,4.413191e-06,2.4255671e-08,0.00392156862745098,5
9259,509,0.8693862042639915,0.0392156862745098,0.0039215686274509665,5,3,2,0.99999654,2.8652576e-06,4.104098e-07,1.408332e-07,1.3234092e-07,1.4633685e-16,0.00392156862745098,9
9281,466,0.7517351452246563,0.03529411764705882,0.007843137254901933,6,2,2,0.9999573,3.6158934e-05,5.0306594e-06,9.4457323e-07,5.805583e-07,2.1250544e-10,0.00392156862745098,8
9295,477,0.42581084872597275,0.0196078431372549,0.0039215686274509665,6,2,2,0.9989718,0.00054014253,0.00021976697,0.00012612191,7.36354e-05,2.3216897e-07,0.00392156862745098,4
9337,457,0.7924480148307199,0.0392156862745098,0.007843137254901933,4,0,3,0.9997601,0.00023703177,1.7600667e-06,9.871394e-07,1.7769533e-07,2.2081287e-22,0.00392156862745098,9
9370,498,0.34090591029937733,0.01568627450980392,0.0039215686274509665,4,6,2,0.98957026,0.009302741,0.00055384927,0.00025091303,0.00012237648,1.5870428e-11,0.00392156862745098,3
9376,532,0.4446443226057523,0.0196078431372549,0.0039215686274509665,5,0,2,0.9875194,0.008224817,0.0017799579,0.0012916211,0.00043726995,4.9347824e-11,0.00392156862745098,4
9379,466,0.7319269307183623,0.03529411764705882,0.0039215686274509665,6,2,2,0.9999559,4.1586998e-05,2.5540244e-06,2.5413778e-08,9.932457e-09,3.1393195e-12,0.00392156862745098,8
9409,525,0.6883218760130153,0.03137254901960784,0.0039215686274509665,6,2,2,0.9999999,1.2319887e-07,1.3377053e-09,2.8993982e-10,3.8755173e-11,2.2043315e-15,0.00392156862745098,7
9430,435,0.571244821337945,0.027450980392156862,0.0039215686274509665,1,2,2,0.98989445,0.003993423,0.0021078612,0.0011088559,0.0009973053,9.3718846e-08,0.00392156862745098,6
9436,419,0.7080359305096972,0.03529411764705882,0.007843137254901933,4,0,3,0.8086058,0.19075195,0.00038492485,0.00011148409,0.00010297669,1.5707699e-14,0.00392156862745098,8
9442,482,0.3392100192204845,0.01568627450980392,0.0039215686274509665,4,6,2,0.7914556,0.20735663,0.0010405645,6.2539824e-05,6.175394e-05,2.803556e-16,0.00392156862745098,3
9461,448,0.8019487989899726,0.03921568627450982,0.0039215686274509665,4,2,2,0.9989465,0.0010380467,6.572198e-06,3.1427292e-06,2.32078e-06,1.9636695e-15,0.00392156862745098,9
9555,403,0.6807960602582874,0.03529411764705882,0.0039215686274509665,9,7,2,0.99808586,0.0017999783,0.00011110564,2.7833353e-06,2.9119698e-07,1.6189309e-20,0.00392156862745098,8
9557,517,0.7855774133443405,0.03529411764705882,0.0039215686274509665,8,5,2,0.7915454,0.08439813,0.07591172,0.017297713,0.011714246,5.5062024e-05,0.00392156862745098,8
9567,463,0.6655122646461619,0.03137254901960784,0.0039215686274509665,8,9,2,0.9579127,0.02095968,0.006207587,0.0058387145,0.0038776244,2.609105e-05,0.00392156862745098,7
9586,559,0.5401524839175995,0.023529411764705882,0.0039215686274509665,4,0,2,0.9999707,1.2098542e-05,1.0686929e-05,3.6735237e-06,2.5731636e-06,1.0467848e-24,0.00392156862745098,5
9614,478,0.6001665794648157,0.027450980392156862,0.027450980392156765,9,3,2,0.99908173,0.0006952161,0.00020611445,1.6785927e-05,1.0998248e-07,2.1787876e-20,0.00392156862745098,6
9619,477,0.5775366959253153,0.027450980392156862,0.007843137254901933,6,5,3,0.9693121,0.011658809,0.0113458475,0.0064043356,0.0011301641,1.8371227e-07,0.00392156862745098,6
9629,496,0.4232751597043702,0.0196078431372549,0.007843137254901933,6,2,2,0.99815875,0.0017176875,7.42506e-05,2.959829e-05,1.3357227e-05,9.252128e-14,0.00392156862745098,4
9630,492,0.695876800402159,0.03137254901960784,0.03137254901960773,9,3,2,0.96296954,0.030410783,0.0043195877,0.0012024285,0.0010516342,4.337264e-13,0.00392156862745098,7
9641,510,0.7918267609630038,0.03529411764705882,0.0039215686274509665,8,0,3,0.83178467,0.12534271,0.015454329,0.013700593,0.005565774,2.5668274e-05,0.00392156862745098,8
9651,506,0.26300835509187775,0.011764705882352941,0.0039215686274509665,8,6,2,0.5602204,0.326095,0.101690724,0.006267664,0.0018291608,1.974277e-06,0.00392156862745098,2
9659,514,0.6843446254049527,0.03137254901960784,0.00392156862745098,6,2,2,0.9643846,0.03500384,0.00042111095,6.6088345e-05,6.373864e-05,9.9400455e-14,0.00392156862745098,7
9673,501,0.8532634054393156,0.0392156862745098,0.007843137254901933,9,3,3,0.99866796,0.0011234061,0.0001585628,4.3799697e-05,4.5201323e-06,4.0073373e-18,0.00392156862745098,9
9723,512,0.5121514577981018,0.023529411764705882,0.0039215686274509665,6,2,2,0.9090347,0.050005615,0.030518446,0.0068990598,0.0034374713,7.107476e-10,0.00392156862745098,5
9738,488,0.8473220360839934,0.0392156862745098,0.0039215686274509665,5,1,2,0.45455426,0.26961902,0.25618318,0.01921103,0.00017221279,8.729983e-09,0.00392156862745098,9
9745,512,0.6852990266030798,0.03137254901960784,0.007843137254901933,6,2,2,0.99999917,5.5085957e-07,1.4008397e-07,6.377186e-08,1.9490797e-08,3.3594787e-18,0.00392156862745098,7
9749,568,0.7983258145099853,0.03529411764705882,0.0039215686274509665,8,0,2,0.9999999,1.3523294e-07,3.8443588e-08,3.8073653e-10,3.6939205e-11,1.0299789e-20,0.00392156862745098,8
9760,475,0.6782840143717442,0.03137254901960784,0.0039215686274509665,6,2,2,0.9812133,0.00905211,0.008941617,0.0007255001,4.5923756e-05,1.5289825e-10,0.00392156862745098,7
9761,461,0.6404775227374272,0.03137254901960784,0.007843137254901933,4,2,2,0.9999291,7.0184244e-05,5.889529e-07,7.817221e-08,9.039792e-09,1.2500566e-21,0.00392156862745098,7
9795,424,0.5523707250716549,0.027450980392156862,0.0039215686274509665,4,2,2,0.9954906,0.0032224702,0.00073259324,0.00019330376,0.0001843573,3.0989405e-08,0.00392156862745098,6
9798,422,0.4798916960988396,0.023529411764705882,0.0039215686274509665,6,2,2,0.9879655,0.005586111,0.0042606276,0.0010152585,0.00066184765,1.5548978e-05,0.00392156862745098,5
9866,497,0.5189822352967709,0.023529411764705882,0.0039215686274509665,8,6,2,0.9774854,0.015518521,0.0038408178,0.0025888807,0.00031202988,1.3257278e-07,0.00392156862745098,5
9870,496,0.7540025199406778,0.03529411764705884,0.007843137254901933,9,3,2,0.8297549,0.17004544,0.00019624445,1.4682927e-06,1.1861873e-06,2.0111067e-17,0.00392156862745098,8
9887,536,0.7989997591664334,0.03529411764705882,0.007843137254901933,4,6,3,0.9996604,0.0001703427,0.00010553413,6.239073e-05,1.2182727e-06,3.9025447e-16,0.00392156862745098,8
9924,475,0.7642029517609829,0.03529411764705882,0.0039215686274509665,8,2,2,0.6228944,0.15992399,0.088215835,0.042484898,0.036697052,0.00020651687,0.00392156862745098,8
9938,408,0.7071992074049913,0.03529411764705882,0.0039215686274509665,9,3,2,0.99385697,0.002932889,0.0014528292,0.0010482749,0.00062914885,6.6030996e-12,0.00392156862745098,8
9947,500,0.8668440950488767,0.03921568627450982,0.0039215686274509665,5,0,2,0.99991214,6.026237e-05,1.5010822e-05,4.38999e-06,3.1934292e-06,3.7938616e-17,0.00392156862745098,9
9950,429,0.7999903882544459,0.0392156862745098,0.0039215686274509665,9,7,2,0.99596125,0.0027063326,0.0006150618,0.0005420188,0.00014543968,1.2371498e-13,0.00392156862745098,9
9967,477,0.5835367910138511,0.027450980392156862,0.0039215686274509665,6,2,2,1.0,2.2076508e-08,2.5034947e-09,5.3745436e-10,1.0492637e-10,1.0194971e-16,0.00392156862745098,6
9980,419,0.7808354244111736,0.03921568627450982,0.0039215686274509665,4,2,2,0.9752794,0.024614364,7.617796e-05,2.7969252e-05,1.4939691e-06,2.7578575e-16,0.00392156862745098,9
9997,496,0.5074000641183262,0.023529411764705882,0.007843137254901933,6,2,2,0.98837155,0.006336841,0.0028828308,0.002226636,0.00011752109,7.3422804e-08,0.00392156862745098,5
