seed,l0,l2,l_inf,minimum_change,true_label,adv_label,position_adv_label_in_original_pred
19911,143,3.9209313207636436,0.3921568627450981,0.00784313725490196,8,5,2
29636,138,4.014449104766874,0.3921568627450981,0.00392156862745098,7,1,2
12878,162,4.406848677156983,0.3921568627450981,0.00392156862745098,9,7,2
8988,153,4.369704517489177,0.3921568627450981,0.00392156862745098,8,1,2
3177,105,3.5210205259301643,0.3921568627450981,0.00784313725490196,9,4,2
36919,170,4.430792951858346,0.3921568627450981,0.0039215686274509665,8,4,2
28716,194,5.039449143901697,0.3921568627450981,0.050980392156862744,2,7,3
9843,160,4.543500709013971,0.3921568627450981,0.03529411764705882,3,5,2
32028,221,5.349943856669126,0.3921568627450981,0.027450980392156862,8,6,2
23125,199,5.150433627504233,0.3921568627450981,0.00392156862745098,3,5,2
11801,89,2.91340087390268,0.3921568627450981,0.00784313725490196,3,5,2
25583,250,5.083029185221007,0.3921568627450981,0.0039215686274509665,8,9,2
9894,169,4.570365738479569,0.3921568627450981,0.011764705882352941,3,5,2
8220,175,4.676690503317662,0.3921568627450981,0.00392156862745098,9,4,2
19246,142,4.158432925791679,0.3921568627450981,0.00392156862745098,9,4,2
23870,169,4.573260295131698,0.3921568627450981,0.011764705882352941,8,5,2
9670,204,5.113015709192101,0.3921568627450981,0.00392156862745098,8,2,2
39828,80,2.8599798624349186,0.3921568627450981,0.00784313725490196,5,4,3
28925,224,5.189771977606177,0.3921568627450981,0.007843137254901933,6,5,2
1238,110,3.5264497374647283,0.3921568627450981,0.011764705882352941,3,7,2
14010,162,4.386898112340705,0.3921568627450981,0.00392156862745098,3,5,2
3349,188,4.63287983309153,0.3921568627450981,0.007843137254901933,3,5,2
33530,141,4.478903515512334,0.3921568627450981,0.10980392156862745,9,4,2
13192,116,3.7333086174828596,0.3921568627450981,0.027450980392156862,3,5,2
29232,166,4.527679831850553,0.3921568627450981,0.00784313725490196,2,8,2
4585,219,5.189841614006137,0.3921568627450981,0.0039215686274509665,8,5,2
1402,130,3.5238081878217753,0.3921568627450981,0.00392156862745098,8,5,3
26698,133,4.226888900026138,0.3921568627450981,0.0784313725490196,9,4,2
39960,165,4.482771496763505,0.3921568627450981,0.00392156862745098,2,7,2
814,132,3.8976801823055083,0.3921568627450981,0.00784313725490196,8,5,2
28851,208,5.246856586272288,0.3921568627450981,0.011764705882352941,8,5,2
2123,98,3.3498782019208893,0.3921568627450981,0.0039215686274509665,4,9,2
11587,152,4.257348171850987,0.3921568627450981,0.00784313725490196,9,4,3
37597,191,4.805809952975024,0.3921568627450981,0.00784313725490196,5,4,3
36689,162,4.287804473727922,0.3921568627450981,0.00392156862745098,8,5,3
10882,116,3.761401736309836,0.3921568627450981,0.00392156862745098,9,4,2
6153,107,3.673957310882065,0.3921568627450981,0.00392156862745098,9,4,2
3759,117,3.6734382265746386,0.3921568627450981,0.00392156862745098,9,5,2
16571,128,3.6897584704375057,0.3921568627450981,0.00392156862745098,8,4,2
16570,182,4.562218849468954,0.3921568627450981,0.011764705882352941,8,5,2
20798,90,3.2062391118877898,0.3921568627450981,0.011764705882352941,3,7,2
33082,151,4.226061105147055,0.3921568627450981,0.00392156862745098,8,5,3
11237,145,4.2788950342746945,0.3921568627450981,0.027450980392156862,9,5,2
23252,116,3.7078654306108048,0.3921568627450981,0.023529411764705882,0,6,2
20983,117,3.850608983327658,0.3921568627450981,0.0392156862745098,8,6,2
11592,110,3.589490833592481,0.3921568627450981,0.00784313725490196,7,5,2
356,154,4.210718459162269,0.3921568627450981,0.00784313725490196,9,5,2
15509,238,5.452914031420615,0.3921568627450981,0.00784313725490196,8,5,2
28688,177,4.575991708399422,0.3921568627450981,0.01568627450980392,3,5,2
9705,132,3.754399700192337,0.3921568627450981,0.0039215686274509665,3,5,2
32820,100,3.26104546606124,0.3921568627450981,0.00784313725490196,9,4,2
30951,164,4.570966328857207,0.3921568627450981,0.027450980392156862,0,6,2
197,201,5.161274486525544,0.3921568627450981,0.023529411764705882,8,5,2
17444,131,4.144315135592225,0.3921568627450981,0.10980392156862745,3,1,4
34276,128,3.8916644129619127,0.3921568627450981,0.00392156862745098,9,4,2
5856,102,3.6542476061550047,0.3921568627450981,0.11372549019607843,8,5,3
21647,150,4.242394193934839,0.3921568627450981,0.011764705882352941,3,5,2
35632,155,4.167526093603842,0.3921568627450981,0.011764705882352941,8,5,3
19253,164,4.488959500931103,0.3921568627450981,0.0196078431372549,8,5,2
8553,132,3.899609105106038,0.3921568627450981,0.0039215686274509665,8,5,4
15327,112,3.7957968620254694,0.3921568627450981,0.11372549019607843,8,5,2
18830,171,4.63412114816176,0.3921568627450981,0.0196078431372549,2,1,2
14978,188,4.860972162566264,0.3921568627450981,0.01568627450980392,8,5,2
16809,202,4.839555713099316,0.3921568627450981,0.00392156862745098,8,5,2
22548,93,3.625462093868753,0.3921568627450981,0.11372549019607843,9,4,3
25964,108,3.504664876116826,0.3921568627450981,0.00392156862745098,9,7,2
18367,148,4.204000218755059,0.3921568627450981,0.00784313725490196,8,5,2
37384,114,3.607227142639184,0.3921568627450981,0.00784313725490196,3,7,2
5513,193,4.66824491354691,0.3921568627450981,0.00392156862745098,8,2,3
1946,123,3.805788908955796,0.3921568627450981,0.00784313725490196,9,7,2
36717,94,3.5258936714310605,0.3921568627450981,0.11372549019607843,3,5,2
36703,124,3.8704650634989903,0.3921568627450981,0.011764705882352941,6,5,2
19938,252,5.549155406084478,0.3921568627450981,0.00784313725490196,2,5,2
34114,214,5.114874164264745,0.3921568627450981,0.00392156862745098,0,5,2
33135,130,3.9581101436500816,0.3921568627450981,0.00784313725490196,9,7,2
38060,139,4.463592737999173,0.3921568627450981,0.25098039215686274,8,5,2
31046,199,5.202662495261456,0.3921568627450981,0.011764705882352941,8,9,2
17095,137,3.984572324478066,0.3921568627450981,0.00784313725490196,8,5,2
24477,137,4.115366315132566,0.3921568627450981,0.00784313725490196,3,5,2
15872,176,4.670586588959392,0.3921568627450981,0.00784313725490196,9,5,2
19084,139,4.105384167390529,0.3921568627450981,0.0392156862745098,8,1,3
4828,171,4.724733484282575,0.3921568627450981,0.01568627450980392,8,6,2
18371,143,4.050900669260897,0.3921568627450981,0.00784313725490196,9,7,2
13230,125,3.7164658502391554,0.3921568627450981,0.0039215686274509665,8,4,2
9471,147,4.134702307060607,0.3921568627450981,0.00784313725490196,9,7,2
35744,142,3.9191561206710053,0.3921568627450981,0.01568627450980392,8,4,2
2915,213,5.174806625015592,0.3921568627450981,0.007843137254901933,0,2,2
988,113,3.516553921127888,0.3921568627450981,0.0039215686274509665,8,5,4
744,108,3.443242215560401,0.3921568627450981,0.00784313725490196,9,7,2
13967,121,3.889199745910581,0.3921568627450981,0.01568627450980392,9,4,2
20361,151,4.374741383030176,0.3921568627450981,0.023529411764705882,3,5,2
34314,121,3.960663946918864,0.3921568627450981,0.050980392156862744,9,4,2
25219,140,3.739293314842421,0.3921568627450981,0.011764705882352941,3,4,4
15325,133,3.8663365408132986,0.3921568627450981,0.0039215686274509665,3,5,2
1575,94,3.197959268545436,0.3921568627450981,0.00784313725490196,9,4,2
11786,136,3.986681016665721,0.3921568627450981,0.00784313725490196,8,1,2
2875,134,3.7938779880735596,0.3921568627450981,0.00392156862745098,8,5,2
13185,135,4.059088747610299,0.3921568627450981,0.00784313725490196,9,7,2
24067,126,3.716310672354555,0.3921568627450981,0.00784313725490196,3,5,2
12258,87,3.10964814287278,0.3921568627450981,0.00392156862745098,5,1,3
4237,152,4.305537683980223,0.3921568627450981,0.00392156862745098,9,4,2
28846,140,4.068284889902085,0.3921568627450981,0.027450980392156862,9,4,2
11584,124,3.896748908628986,0.3921568627450981,0.0196078431372549,3,5,2
23244,136,4.010058479862668,0.3921568627450981,0.011764705882352941,9,4,2
34738,154,4.222737377261829,0.3921568627450981,0.00784313725490196,8,5,2
31668,105,3.5618897826195313,0.3921568627450981,0.007843137254901933,3,5,2
15912,141,4.0054250024449916,0.3921568627450981,0.00392156862745098,8,5,2
36675,74,3.0753500252455455,0.3921568627450981,0.06274509803921569,5,1,2
18588,129,4.02407976972122,0.3921568627450981,0.00392156862745098,8,4,2
15047,63,2.6764124104859963,0.3921568627450981,0.023529411764705882,5,4,7
15721,134,4.113157216024818,0.3921568627450981,0.0392156862745098,9,4,2
6144,119,3.7651327372387944,0.3921568627450981,0.00784313725490196,9,7,2
14403,133,3.881297143030303,0.3921568627450981,0.00784313725490196,3,5,2
17678,163,4.5629553276980745,0.3921568627450981,0.023529411764705882,3,5,2
10116,109,3.6066941904558387,0.3921568627450981,0.00784313725490196,7,1,2
34922,149,4.094173991047947,0.3921568627450981,0.00392156862745098,2,1,2
35396,203,5.01661369034017,0.3921568627450981,0.011764705882352941,8,5,2
17137,104,3.3291323007957283,0.3921568627450981,0.00784313725490196,3,1,2
10658,117,3.7065856786684783,0.3921568627450981,0.00392156862745098,4,1,3
27779,97,3.2422100768206863,0.3921568627450981,0.00784313725490196,3,5,2
3798,193,4.817584412275138,0.3921568627450981,0.0039215686274509665,6,8,4
6810,119,3.740348081099087,0.3921568627450981,0.011764705882352941,3,5,2
22629,147,4.0412140497344184,0.3921568627450981,0.00784313725490196,6,5,2
6353,135,4.0288769264815105,0.3921568627450981,0.00784313725490196,9,5,3
2135,126,3.976159248360141,0.3921568627450981,0.00784313725490196,9,4,2
11750,245,5.5661483020501015,0.3921568627450981,0.0039215686274509665,5,8,2
23084,53,2.0922220986944198,0.3921568627450981,0.00392156862745098,1,7,2
37783,176,4.3939947135247746,0.3921568627450981,0.00392156862745098,3,5,2
95,148,4.427251250292668,0.3921568627450981,0.0196078431372549,9,7,2
29556,207,5.178116197133745,0.3921568627450981,0.00392156862745098,9,4,2
36338,121,3.566569111192645,0.3921568627450981,0.0039215686274509665,8,2,2
15287,201,5.068577008889218,0.3921568627450981,0.00784313725490196,2,5,2
9855,142,4.180719554556192,0.3921568627450981,0.0039215686274509665,3,5,2
2914,106,3.5446078092417994,0.3921568627450981,0.00784313725490196,9,4,2
15132,112,3.9941210161026155,0.3921568627450981,0.25098039215686274,2,1,2
24462,109,3.5877873930247177,0.3921568627450981,0.00392156862745098,9,1,3
25740,143,4.084505281059563,0.3921568627450981,0.00392156862745098,7,5,2
21240,188,4.947241842223206,0.3921568627450981,0.00392156862745098,9,7,2
38705,146,3.976662021149123,0.3921568627450981,0.0039215686274509665,3,5,2
6970,170,4.588975975074153,0.3921568627450981,0.01568627450980392,3,5,2
10933,202,4.934868366812847,0.3921568627450981,0.011764705882352941,8,5,2
4805,113,3.957342709769808,0.3921568627450981,0.01568627450980392,9,4,2
25977,143,4.320764310760613,0.3921568627450981,0.00392156862745098,9,4,2
27806,165,4.2961674756524895,0.3921568627450981,0.00392156862745098,3,5,2
10072,96,2.9732189218759184,0.3921568627450981,0.00392156862745098,6,5,2
11344,193,4.967896939349688,0.3921568627450981,0.00784313725490196,8,5,2
7868,141,4.02545533541728,0.3921568627450981,0.011764705882352941,9,4,2
12498,123,3.5598707474516673,0.3921568627450981,0.0039215686274509665,2,4,3
9845,148,4.233761523722603,0.3921568627450981,0.00784313725490196,3,5,2
15491,114,3.627351349983143,0.3921568627450981,0.011764705882352941,9,4,2
38517,86,3.0782490266964357,0.3921568627450981,0.00392156862745098,9,4,2
10270,206,5.132368578735284,0.3921568627450981,0.011764705882352941,9,4,2
17279,129,3.8182910320231955,0.3921568627450981,0.00392156862745098,3,5,2
21913,210,4.903157500981484,0.3921568627450981,0.00392156862745098,8,6,3
6223,88,3.0087582011704335,0.3921568627450981,0.0039215686274509665,2,1,2
4352,187,4.769593232954267,0.3921568627450981,0.0039215686274509665,8,2,2
37195,200,5.117725189096334,0.3921568627450981,0.00784313725490196,3,0,2
13023,137,3.8859796884668913,0.3921568627450981,0.00392156862745098,8,6,2
85,95,3.338406750369282,0.3921568627450981,0.0039215686274509665,9,4,3
26113,147,3.8894844383880622,0.3921568627450981,0.00392156862745098,8,1,3
5689,140,4.2801905048024445,0.3921568627450981,0.050980392156862744,9,4,2
20576,117,3.576074969518976,0.3921568627450981,0.00784313725490196,7,4,4
31335,154,4.5325937384342305,0.3921568627450981,0.00392156862745098,3,5,2
25432,232,5.487314369770983,0.3921568627450981,0.01568627450980392,9,4,2
46,129,3.8358514371123755,0.3921568627450981,0.00784313725490196,3,5,2
12261,144,4.16286654852247,0.3921568627450981,0.0039215686274509665,3,8,2
6431,154,4.3542764247795525,0.3921568627450981,0.00392156862745098,9,7,2
4226,129,4.089985518991406,0.3921568627450981,0.00784313725490196,9,4,2
24923,111,3.4017364451091523,0.3921568627450981,0.00392156862745098,9,4,2
17325,214,5.095774761037315,0.3921568627450981,0.00392156862745098,8,5,2
3575,130,3.871337114910772,0.3921568627450981,0.0039215686274509665,3,5,2
29988,149,4.224983819346634,0.3921568627450981,0.00784313725490196,3,5,2
1809,106,3.465169137998953,0.3921568627450981,0.00784313725490196,6,4,2
13382,184,4.649689004991329,0.3921568627450981,0.00784313725490196,8,4,3
1148,171,4.591997786966956,0.3921568627450981,0.007843137254901933,8,4,2
14374,104,3.5998462097100776,0.3921568627450981,0.01568627450980392,9,5,3
8150,166,4.678439590414031,0.3921568627450981,0.00784313725490196,9,4,2
27796,179,4.712028665914976,0.3921568627450981,0.007843137254901933,8,5,2
20953,137,3.7730789240982023,0.3921568627450981,0.00784313725490196,2,5,3
4025,124,3.62979468536456,0.3921568627450981,0.011764705882352941,3,5,2
16210,153,4.313169304607861,0.3921568627450981,0.00392156862745098,3,5,2
7538,159,4.286545387275203,0.3921568627450981,0.00784313725490196,3,5,2
12923,164,4.540148551074165,0.3921568627450981,0.011764705882352941,3,5,2
23526,188,4.484628794542153,0.3921568627450981,0.0039215686274509665,3,5,2
31650,149,4.2127249060648575,0.3921568627450981,0.00784313725490196,5,4,2
31136,181,5.015097544745676,0.3921568627450981,0.0392156862745098,3,5,2
3951,133,3.8120672840448857,0.3921568627450981,0.00784313725490196,3,5,2
1834,178,4.657993258029609,0.3921568627450981,0.00392156862745098,8,0,3
23081,122,3.8706418733991304,0.3921568627450981,0.00392156862745098,2,7,2
32198,108,3.531195627624393,0.3921568627450981,0.00392156862745098,8,1,3
19321,220,5.226054856737403,0.3921568627450981,0.007843137254901933,8,0,2
25433,121,3.937358408138725,0.3921568627450981,0.023529411764705882,3,5,2
37751,123,3.7359172965825995,0.3921568627450981,0.00784313725490196,2,5,2
33537,142,4.278152791922492,0.3921568627450981,0.11372549019607843,8,1,2
22412,182,5.036324798307636,0.3921568627450981,0.007843137254901933,3,5,2
26112,166,4.469380641856241,0.3921568627450981,0.007843137254901933,8,7,3
32952,181,4.65366453645289,0.3921568627450981,0.00392156862745098,3,5,2
31532,170,4.598359870085169,0.3921568627450981,0.00392156862745098,3,5,2
32991,127,3.999382882038123,0.3921568627450981,0.01568627450980392,2,1,2
24895,137,4.15139114549648,0.3921568627450981,0.00392156862745098,9,4,2
11437,140,4.200237996955051,0.3921568627450981,0.0392156862745098,3,5,2
11351,170,4.447969958879465,0.3921568627450981,0.0039215686274509665,8,9,2
25976,174,4.769854395820077,0.3921568627450981,0.00784313725490196,9,4,2
28275,198,5.243703314655949,0.3921568627450981,0.027450980392156862,6,4,2
26516,99,3.275427838905003,0.3921568627450981,0.00392156862745098,8,4,3
1940,187,4.860121050382927,0.3921568627450981,0.00784313725490196,8,9,2
6787,160,4.575848874886251,0.3921568627450981,0.027450980392156862,8,1,2
26500,180,4.9144812651330865,0.3921568627450981,0.0392156862745098,8,9,2
24317,170,4.534508633860727,0.3921568627450981,0.00784313725490196,2,8,2
21509,134,3.886318038576193,0.3921568627450981,0.007843137254901933,0,5,2
17093,139,4.153602124819293,0.3921568627450981,0.00392156862745098,3,5,2
6963,184,4.620155432108284,0.3921568627450981,0.00784313725490196,8,5,2
37357,148,4.0160539047406205,0.3921568627450981,0.00392156862745098,2,7,2
15848,187,4.844807205941749,0.3921568627450981,0.01568627450980392,8,7,2
9463,134,4.014751729489948,0.3921568627450981,0.011764705882352941,9,4,2
1759,163,4.277289975532908,0.3921568627450981,0.0039215686274509665,8,5,3
17736,116,3.7359955082312437,0.3921568627450981,0.00784313725490196,9,7,2
24115,144,3.9687146390484687,0.3921568627450981,0.00392156862745098,9,4,2
26702,171,4.626418961023953,0.3921568627450981,0.00784313725490196,8,4,2
25551,169,4.254385077486904,0.3921568627450981,0.007843137254901933,3,5,2
17508,108,3.683501251345776,0.3921568627450981,0.01568627450980392,2,3,2
4437,177,4.642174979777058,0.3921568627450981,0.00784313725490196,8,5,2
31295,165,4.430749565787385,0.3921568627450981,0.00784313725490196,2,7,2
6208,137,3.8087537531146154,0.3921568627450981,0.0039215686274509665,9,4,2
12458,100,3.37597864831963,0.3921568627450981,0.023529411764705882,8,1,2
22410,122,3.7718743027145885,0.3921568627450981,0.00392156862745098,3,5,2
86,144,4.222903079525931,0.3921568627450981,0.011764705882352941,9,4,2
27540,118,3.6951582564974568,0.3921568627450981,0.007843137254901933,2,1,2
35622,125,3.757601548379765,0.3921568627450981,0.011764705882352941,8,1,2
4231,176,4.861184126435771,0.3921568627450981,0.043137254901960784,9,4,2
15257,119,3.690448200426441,0.3921568627450981,0.01568627450980392,3,5,2
33284,108,3.742565615406217,0.3921568627450981,0.0392156862745098,2,7,2
30570,173,4.831499870998674,0.3921568627450981,0.10980392156862745,9,5,2
4966,155,3.9825899467034307,0.3921568627450981,0.007843137254901933,3,5,2
29009,203,4.885712679751146,0.3921568627450981,0.01568627450980392,8,0,2
21441,173,4.671325734894938,0.3921568627450981,0.00392156862745098,3,5,2
8190,110,3.622899104843445,0.3921568627450981,0.0196078431372549,3,7,2
10111,200,5.259208068875604,0.3921568627450981,0.03529411764705882,2,9,2
27965,101,3.555132856457901,0.3921568627450981,0.011764705882352941,9,4,2
14377,116,3.943731490602915,0.3921568627450981,0.01568627450980392,9,4,2
6624,89,3.014844728191136,0.3921568627450981,0.00392156862745098,7,5,2
2324,242,5.52990819632173,0.3921568627450981,0.00784313725490196,3,5,2
22821,185,4.750395681530478,0.3921568627450981,0.0039215686274509665,0,6,2
37586,174,4.695414828875604,0.3921568627450981,0.00392156862745098,9,4,2
5310,142,3.83401277765721,0.3921568627450981,0.0039215686274509665,3,5,2
25829,133,3.9047876251518994,0.3921568627450981,0.00392156862745098,3,5,2
22149,92,3.2930063484947083,0.3921568627450981,0.03137254901960784,9,5,2
21440,224,5.246934258024906,0.3921568627450981,0.00784313725490196,8,5,2
35347,167,4.279380207866039,0.3921568627450981,0.0039215686274509665,6,8,2
35838,184,4.738300105446399,0.3921568627450981,0.03529411764705882,8,3,2
1406,128,3.923720977969325,0.3921568627450981,0.01568627450980392,9,4,2
17469,126,3.9232584594490585,0.3921568627450981,0.0117647058823529,8,5,3
27233,174,4.427004614606474,0.3921568627450981,0.0039215686274509665,8,3,3
14821,130,3.805310035662337,0.3921568627450981,0.0039215686274509665,8,1,2
23733,114,3.7317305836285835,0.3921568627450981,0.01568627450980392,6,4,2
21130,109,3.7810978919809513,0.3921568627450981,0.11372549019607843,9,7,2
28114,167,4.443050723418847,0.3921568627450981,0.00392156862745098,9,4,2
36470,134,4.075915513614744,0.3921568627450981,0.011764705882352941,2,1,2
32170,195,5.214990370793991,0.3921568627450981,0.11372549019607843,8,5,2
794,215,4.9554679720478,0.3921568627450981,0.00392156862745098,2,5,2
8542,171,4.697263348811646,0.3921568627450981,0.01568627450980392,9,4,2
6235,228,5.297107362063635,0.3921568627450981,0.00392156862745098,2,6,3
9847,180,4.497640887024567,0.3921568627450981,0.0039215686274509665,8,5,2
37632,119,3.7907006957429235,0.3921568627450981,0.0196078431372549,8,1,2
5099,153,4.120594649941591,0.3921568627450981,0.00392156862745098,9,4,2
32776,117,3.6150333296700246,0.3921568627450981,0.00392156862745098,7,9,2
29424,132,3.8914687987654104,0.3921568627450981,0.00392156862745098,3,5,2
30613,119,3.734346542358339,0.3921568627450981,0.11372549019607843,8,4,2
29815,65,2.6832471849596717,0.3921568627450981,0.00784313725490196,3,1,2
29801,181,4.888409504300739,0.3921568627450981,0.00784313725490196,8,1,4
10064,110,3.7102743970627596,0.3921568627450981,0.0196078431372549,9,7,2
6792,207,5.193123836264392,0.3921568627450981,0.0392156862745098,0,6,2
36074,119,3.5551393451126514,0.3921568627450981,0.00784313725490196,2,4,2
33631,125,3.7300653022145718,0.3921568627450981,0.00784313725490196,8,2,2
8082,168,4.652772197257178,0.3921568627450981,0.00784313725490196,3,5,2
20895,144,4.160374025713692,0.3921568627450981,0.00784313725490196,3,5,2
32261,142,4.043348352260987,0.3921568627450981,0.0039215686274509665,3,5,2
8900,116,3.876521665487136,0.3921568627450981,0.01568627450980392,9,1,3
19796,110,3.5668191928063124,0.3921568627450981,0.01568627450980392,9,4,2
21584,112,3.6399804808278,0.3921568627450981,0.01568627450980392,2,6,2
4109,159,4.426342798841567,0.3921568627450981,0.011764705882352941,9,4,2
2578,120,3.7407201596179434,0.3921568627450981,0.00784313725490196,3,5,2
13522,177,4.760125289528708,0.3921568627450981,0.00784313725490196,8,5,4
31973,181,4.779927272349487,0.3921568627450981,0.00784313725490196,8,7,3
7428,137,3.988269998113803,0.3921568627450981,0.00392156862745098,2,4,2
12166,139,4.432975590668909,0.3921568627450981,0.25098039215686274,9,4,2
9363,145,4.000588192047882,0.3921568627450981,0.00784313725490196,5,6,6
21023,146,4.2917282276858195,0.3921568627450981,0.043137254901960784,8,4,2
20329,137,4.006298386158833,0.3921568627450981,0.00392156862745098,8,1,2
29325,152,4.448336435073246,0.3921568627450981,0.011764705882352941,3,2,2
15345,145,4.545854206329729,0.3921568627450981,0.25098039215686274,2,7,2
18107,130,3.9433454182044625,0.3921568627450981,0.00392156862745098,9,4,2
12358,119,3.9734354352394035,0.3921568627450981,0.0392156862745098,7,5,2
15437,112,3.591043581231897,0.3921568627450981,0.0196078431372549,3,5,2
2008,150,4.2633673806663435,0.3921568627450981,0.00392156862745098,9,4,2
30728,107,3.6020776609598957,0.3921568627450981,0.00784313725490196,9,4,2
2801,161,4.548830286797404,0.3921568627450981,0.0196078431372549,6,5,2
5820,169,4.469471824827381,0.3921568627450981,0.011764705882352941,3,5,2
24775,153,4.346421544025597,0.3921568627450981,0.027450980392156862,9,4,2
26610,114,3.457069049486589,0.3921568627450981,0.007843137254901933,1,2,2
1307,131,4.08317032370058,0.3921568627450981,0.011764705882352941,9,4,2
26837,159,4.597338045957063,0.3921568627450981,0.0196078431372549,3,5,2
15219,89,3.2224987618145327,0.3921568627450981,0.0392156862745098,6,4,2
25655,182,4.755129568031334,0.3921568627450981,0.00784313725490196,8,9,3
33751,137,4.110011594812884,0.3921568627450981,0.023529411764705882,7,9,2
17817,151,4.400298825964604,0.3921568627450981,0.01568627450980392,3,5,2
39254,151,4.236697298422691,0.3921568627450981,0.00784313725490196,0,5,2
22112,121,3.78218572699837,0.3921568627450981,0.01568627450980392,8,5,2
24588,209,4.982185874304643,0.3921568627450981,0.00392156862745098,5,4,3
3706,155,4.236699113362032,0.3921568627450981,0.00784313725490196,2,4,2
10611,164,4.333429153407814,0.3921568627450981,0.00784313725490196,8,5,2
5439,105,3.50299042896289,0.3921568627450981,0.00392156862745098,9,4,2
12761,193,4.520003810649845,0.3921568627450981,0.00392156862745098,3,5,2
17631,186,4.749600845245632,0.3921568627450981,0.00784313725490196,3,5,2
7213,140,4.208325539294118,0.3921568627450981,0.00392156862745098,3,5,2
2380,87,3.30717998396924,0.3921568627450981,0.00392156862745098,1,5,3
19191,104,3.5180645477656167,0.3921568627450981,0.00784313725490196,2,7,2
8861,117,3.7557716701284143,0.3921568627450981,0.00392156862745098,9,4,2
24210,83,2.97645508792368,0.3921568627450981,0.00392156862745098,7,9,3
37244,117,3.526530414271731,0.3921568627450981,0.00392156862745098,9,7,2
13480,154,4.283419388864422,0.3921568627450981,0.0196078431372549,8,5,2
30932,148,3.941872926464877,0.3921568627450981,0.0039215686274509665,8,4,3
23796,163,4.550099601345086,0.3921568627450981,0.0196078431372549,0,5,2
18072,183,4.535498838237022,0.3921568627450981,0.0039215686274509665,8,3,2
7950,153,4.177654255538129,0.3921568627450981,0.00784313725490196,8,5,2
21142,141,4.082895369964326,0.3921568627450981,0.0196078431372549,3,5,2
33552,138,3.7473948403119284,0.3921568627450981,0.0039215686274509665,6,5,3
12403,132,3.887683011808907,0.3921568627450981,0.00784313725490196,9,4,2
4336,144,4.1147160436601045,0.3921568627450981,0.00392156862745098,9,5,2
18884,96,3.300570244207405,0.3921568627450981,0.007843137254901933,7,5,2
4450,130,3.859582660862739,0.3921568627450981,0.011764705882352941,3,5,2
15436,156,4.492111929662902,0.3921568627450981,0.00392156862745098,2,9,2
24833,167,4.559749010002372,0.3921568627450981,0.00392156862745098,2,4,2
5000,135,4.03106735702951,0.3921568627450981,0.00392156862745098,8,1,2
15422,124,4.032669357302768,0.3921568627450981,0.11372549019607843,6,4,2
30661,206,5.088815184757774,0.3921568627450981,0.011764705882352941,3,5,2
35719,164,4.669872024900726,0.3921568627450981,0.0392156862745098,6,5,2
32704,180,4.936820364313082,0.3921568627450981,0.03529411764705882,9,4,2
26981,162,4.501017869418289,0.3921568627450981,0.023529411764705882,9,4,2
14099,147,3.9845144306403943,0.3921568627450981,0.0039215686274509665,8,4,2
37898,196,4.983807690947357,0.3921568627450981,0.027450980392156862,8,5,2
16467,215,5.2618800609896,0.3921568627450981,0.00784313725490196,2,5,2
19026,189,4.987789781560218,0.3921568627450981,0.011764705882352941,3,5,2
296,164,4.584166119162112,0.3921568627450981,0.011764705882352941,9,4,2
11446,164,4.553248541414399,0.3921568627450981,0.01568627450980392,6,5,2
5570,145,4.2144877457245,0.3921568627450981,0.00784313725490196,9,4,3
13537,159,4.201804778746011,0.3921568627450981,0.0039215686274509665,6,4,2
29867,137,4.266520686660732,0.3921568627450981,0.0392156862745098,2,7,3
29898,185,4.802791383661294,0.3921568627450981,0.00392156862745098,9,4,2
19973,97,3.3868347686440385,0.3921568627450981,0.01568627450980392,5,1,2
32248,167,4.51571990485804,0.3921568627450981,0.011764705882352941,3,7,2
8083,177,4.941714878852051,0.3921568627450981,0.11372549019607843,3,5,2
27137,177,4.626380733663244,0.3921568627450981,0.007843137254901933,0,5,2
19967,230,5.3740558928723,0.3921568627450981,0.01568627450980392,8,5,2
12832,189,4.9919227337547,0.3921568627450981,0.0392156862745098,3,5,3
531,177,4.71813600712996,0.3921568627450981,0.0039215686274509665,4,9,3
31031,132,3.815196550803255,0.3921568627450981,0.00392156862745098,2,4,2
26565,125,3.864924238516621,0.3921568627450981,0.01568627450980392,9,7,2
20666,146,4.318208009721731,0.3921568627450981,0.011764705882352941,9,4,2
33183,99,3.3782965161481666,0.3921568627450981,0.011764705882352941,3,5,2
6053,161,4.3379533529741625,0.3921568627450981,0.01568627450980392,3,5,2
31964,168,4.1937523330897415,0.3921568627450981,0.00392156862745098,8,5,2
12603,140,4.0970127244285175,0.3921568627450981,0.00784313725490196,9,7,2
31970,127,3.9773947953326503,0.3921568627450981,0.0196078431372549,9,4,2
14500,173,4.678382065055815,0.3921568627450981,0.00392156862745098,9,4,2
27445,120,3.704790792659949,0.3921568627450981,0.011764705882352941,9,4,2
2962,145,4.3797110078303945,0.3921568627450981,0.11372549019607843,9,4,2
25246,200,5.025437790918152,0.3921568627450981,0.00392156862745098,9,4,2
23179,193,4.859135282533701,0.3921568627450981,0.00784313725490196,3,5,2
28038,164,4.537914097893612,0.3921568627450981,0.01568627450980392,9,4,2
7173,88,3.2045551009224567,0.3921568627450981,0.00784313725490196,1,7,2
2989,183,4.772221942487412,0.3921568627450981,0.00392156862745098,8,5,2
19540,107,3.965960508223372,0.3921568627450981,0.25098039215686274,9,4,2
11097,108,3.663779926872889,0.3921568627450981,0.00784313725490196,3,5,3
39041,127,4.059912707890893,0.3921568627450981,0.023529411764705882,9,4,2
36372,139,3.9493116701780497,0.3921568627450981,0.00392156862745098,8,5,2
32672,109,3.5927861423293277,0.3921568627450981,0.00392156862745098,3,5,2
5176,140,4.159991423408188,0.3921568627450981,0.0196078431372549,2,7,2
11054,178,4.683545025117919,0.3921568627450981,0.01568627450980392,8,5,3
3513,176,4.472354312324044,0.3921568627450981,0.00784313725490196,3,5,2
38388,210,5.041741947067775,0.3921568627450981,0.007843137254901933,5,2,2
19346,185,4.839830577135805,0.3921568627450981,0.01568627450980392,3,5,2
21815,174,4.60409526345025,0.3921568627450981,0.023529411764705882,3,5,2
19352,277,5.857189314566046,0.3921568627450981,0.00392156862745098,3,2,2
21430,105,3.4766425535031513,0.3921568627450981,0.011764705882352941,9,4,2
22677,166,4.5189591640312745,0.3921568627450981,0.00392156862745098,2,7,2
34954,165,4.452629909429053,0.3921568627450981,0.011764705882352941,8,5,2
23582,152,4.1676349509282105,0.3921568627450981,0.0039215686274509665,3,5,2
5406,167,4.535332688899502,0.3921568627450981,0.00392156862745098,4,9,3
19636,157,4.3704558429617775,0.3921568627450981,0.011764705882352941,3,5,2
33974,152,4.1424277669852625,0.3921568627450981,0.00392156862745098,3,5,2
14475,168,4.438327008672217,0.3921568627450981,0.00784313725490196,0,5,2
4725,143,4.216288146729927,0.3921568627450981,0.00392156862745098,0,6,2
20934,153,4.233532676558782,0.3921568627450981,0.0196078431372549,8,5,2
1675,150,4.4250171326646,0.3921568627450981,0.00784313725490196,0,5,2
25858,152,4.161577052976254,0.3921568627450981,0.0117647058823529,8,5,2
20920,221,5.5309926818009885,0.3921568627450981,0.011764705882352941,8,6,2
13454,129,3.892539616681583,0.3921568627450981,0.011764705882352941,3,9,2
12979,119,3.866555302059331,0.3921568627450981,0.011764705882352941,9,7,2
30272,152,4.096400835827256,0.3921568627450981,0.00784313725490196,6,5,2
31144,195,5.014490344782427,0.3921568627450981,0.00392156862745098,2,7,4
7774,123,3.791658016137768,0.3921568627450981,0.0196078431372549,9,4,2
22306,140,3.9583044071061098,0.3921568627450981,0.00392156862745098,3,5,2
36415,110,3.60655560998793,0.3921568627450981,0.011764705882352941,6,5,2
27518,93,3.2742491383862338,0.3921568627450981,0.01568627450980392,9,5,3
9956,209,5.205014882860168,0.3921568627450981,0.00784313725490196,8,5,3
21627,148,4.298826319799046,0.3921568627450981,0.011764705882352941,9,4,2
14065,84,3.122536553057886,0.3921568627450981,0.00784313725490196,2,6,3
26969,108,3.462085518866652,0.3921568627450981,0.00392156862745098,8,1,2
27493,137,4.06809776849772,0.3921568627450981,0.00392156862745098,5,9,2
18663,199,5.082458846633203,0.3921568627450981,0.00784313725490196,0,7,2
5765,146,4.342506482765948,0.3921568627450981,0.01568627450980392,3,5,2
11653,177,4.617460135261645,0.3921568627450981,0.01568627450980392,7,0,2
24830,248,5.676412001458644,0.3921568627450981,0.00784313725490196,8,5,3
39134,179,4.654227943999921,0.3921568627450981,0.011764705882352941,3,5,2
11860,118,3.872882090417227,0.3921568627450981,0.00392156862745098,9,4,2
20459,147,4.0763701427797,0.3921568627450981,0.0039215686274510775,6,5,2
23150,166,4.192870314755186,0.3921568627450981,0.00784313725490196,8,4,2
25247,154,4.066400051766587,0.3921568627450981,0.00392156862745098,8,2,2
26982,167,4.594947327858077,0.3921568627450981,0.00784313725490196,8,5,2
13087,134,3.881782489284742,0.3921568627450981,0.00784313725490196,8,5,2
7402,183,5.157201211586915,0.3921568627450981,0.07450980392156858,0,6,3
34821,114,3.745512758066396,0.3921568627450981,0.01568627450980392,9,5,2
7370,174,4.784138537454721,0.3921568627450981,0.0196078431372549,3,5,2
21592,105,3.4229858293158384,0.3921568627450981,0.011764705882352941,9,7,2
31781,150,4.312238602924305,0.3921568627450981,0.0392156862745098,9,7,2
18475,107,3.7923697650963875,0.3921568627450981,0.11372549019607843,2,1,2
29870,158,4.495280963626791,0.3921568627450981,0.023529411764705882,9,4,2
6708,150,4.091647139820494,0.3921568627450981,0.00392156862745098,3,5,2
10968,124,3.8144870452899853,0.3921568627450981,0.00784313725490196,8,1,2
25045,143,4.051079094521033,0.3921568627450981,0.00392156862745098,3,5,2
35524,155,4.141046492315517,0.3921568627450981,0.00784313725490196,0,5,2
15828,96,3.0876171183349195,0.3921568627450981,0.00784313725490196,6,5,3
246,116,3.8944355457389994,0.3921568627450981,0.007843137254901933,8,4,2
29690,164,4.432087396792899,0.3921568627450981,0.0039215686274509665,8,3,2
27865,129,3.7166292972710275,0.3921568627450981,0.0196078431372549,8,5,2
20878,177,4.822904470914104,0.3921568627450981,0.01568627450980392,7,9,3
3884,126,3.8171329099785574,0.3921568627450981,0.00784313725490196,7,4,2
5563,172,4.79554612023605,0.3921568627450981,0.0196078431372549,9,5,2
33838,100,3.4668685062348787,0.3921568627450981,0.01568627450980392,6,5,2
39124,118,3.7611625481965243,0.3921568627450981,0.007843137254901933,6,2,2
28997,135,4.150861372602514,0.3921568627450981,0.03137254901960784,8,1,3
7837,99,3.4458540355914784,0.3921568627450981,0.11372549019607843,8,5,2
27326,212,5.301138409362391,0.3921568627450981,0.00392156862745098,3,5,2
23626,102,3.2799836835332767,0.3921568627450981,0.023529411764705882,6,5,2
25257,147,3.979022269824598,0.3921568627450981,0.00784313725490196,8,2,2
38560,128,3.880976186865133,0.3921568627450981,0.00784313725490196,3,5,2
29479,154,4.508871173788665,0.3921568627450981,0.050980392156862744,2,7,2
35050,148,4.3200488413375275,0.3921568627450981,0.00784313725490196,2,7,2
30869,155,4.3295716083024525,0.3921568627450981,0.007843137254901933,0,5,3
16886,120,4.078795232637763,0.3921568627450981,0.11372549019607843,9,4,2
35087,159,4.4821350709578,0.3921568627450981,0.011764705882352941,8,5,2
27246,216,4.932229684212194,0.3921568627450981,0.0039215686274509665,3,5,2
35871,138,3.9036137990382094,0.3921568627450981,0.011764705882352941,8,5,3
2620,208,5.075793091667494,0.3921568627450981,0.023529411764705882,8,5,3
7764,145,3.9845935520077878,0.3921568627450981,0.0039215686274509665,9,4,3
27285,151,4.300033529012811,0.3921568627450981,0.00392156862745098,9,4,2
7016,119,3.932371395286209,0.3921568627450981,0.0392156862745098,3,5,2
34038,209,5.107642538682636,0.3921568627450981,0.00392156862745098,9,4,2
22882,189,4.814314488146031,0.3921568627450981,0.011764705882352941,8,4,2
13478,141,3.8803995878219526,0.3921568627450981,0.0039215686274509665,4,6,2
38825,216,5.291310802772223,0.3921568627450981,0.00392156862745098,0,5,2
3728,130,3.9266770648998834,0.3921568627450981,0.00784313725490196,0,6,2
483,170,4.4629122267888635,0.3921568627450981,0.00784313725490196,9,4,2
37280,190,4.764379880721914,0.3921568627450981,0.011764705882352941,8,5,2
8641,152,4.022105393380845,0.3921568627450981,0.00392156862745098,8,5,3
3715,141,4.046038403047958,0.3921568627450981,0.00392156862745098,9,7,2
31196,151,4.158978373946634,0.3921568627450981,0.00392156862745098,3,5,2
4720,123,3.793330718412795,0.3921568627450981,0.0196078431372549,8,6,2
9562,140,3.9932661504400975,0.3921568627450981,0.011764705882352941,3,7,3
14464,122,4.001881525956174,0.3921568627450981,0.00392156862745098,9,4,2
34987,75,2.7255466209422363,0.3921568627450981,0.00392156862745098,2,5,2
31627,129,3.9118389102991857,0.3921568627450981,0.00392156862745098,3,5,2
23237,120,3.5657583812599483,0.3921568627450981,0.00392156862745098,4,7,2
1843,124,3.7147564670353574,0.3921568627450981,0.011764705882352941,9,4,2
15236,143,4.162142411092088,0.3921568627450981,0.011764705882352941,9,4,2
35694,165,4.4120400785518905,0.3921568627450981,0.00392156862745098,3,5,2
25487,124,3.8747935912582268,0.3921568627450981,0.01568627450980392,9,7,2
14882,73,3.1167318918228393,0.3921568627450981,0.023529411764705882,1,7,2
858,164,4.245077661500699,0.3921568627450981,0.00392156862745098,8,5,2
36438,163,4.541276371280844,0.3921568627450981,0.01568627450980392,9,4,2
9628,149,4.291201445093008,0.3921568627450981,0.00392156862745098,2,1,2
21781,134,3.8993488153998146,0.3921568627450981,0.00392156862745098,8,1,3
15356,211,5.248137290615187,0.3921568627450981,0.023529411764705882,0,5,3
7639,195,4.993536768453879,0.3921568627450981,0.0392156862745098,8,5,2
2027,88,3.2507864366561217,0.3921568627450981,0.00392156862745098,9,4,3
29478,116,3.5719075638588436,0.3921568627450981,0.00392156862745098,3,5,2
35737,146,4.273901737645904,0.3921568627450981,0.00392156862745098,8,7,2
28772,137,4.24332571797039,0.3921568627450981,0.058823529411764705,8,7,5
9827,225,5.492390317822143,0.3921568627450981,0.0392156862745098,3,0,2
36564,58,2.450443862844432,0.3921568627450981,0.00392156862745098,1,7,2
22277,85,3.2496745171651416,0.3921568627450981,0.0196078431372549,2,6,2
30101,169,4.638469765833401,0.3921568627450981,0.01568627450980392,0,4,2
18855,102,3.564365047663145,0.3921568627450981,0.011764705882352941,9,1,2
4668,150,4.474599163927002,0.3921568627450981,0.00784313725490196,9,4,2
16449,207,5.016374571424112,0.3921568627450981,0.007843137254901933,8,5,2
27643,145,4.182916869954003,0.3921568627450981,0.00392156862745098,2,5,2
30459,116,3.706156230153662,0.3921568627450981,0.00392156862745098,8,1,2
2594,199,5.031421453768712,0.3921568627450981,0.00392156862745098,3,5,2
15815,165,4.416999073474108,0.3921568627450981,0.00392156862745098,3,9,3
34603,116,3.700120014263573,0.3921568627450981,0.00784313725490196,8,1,5
4859,141,3.9696774554547907,0.3921568627450981,0.00392156862745098,8,6,2
29678,92,3.090867847755317,0.3921568627450981,0.00392156862745098,9,4,3
26239,171,4.594262841554198,0.3921568627450981,0.00392156862745098,8,5,2
27641,205,4.894964418953624,0.3921568627450981,0.01568627450980392,8,0,2
1048,166,4.528077216177216,0.3921568627450981,0.023529411764705882,8,0,3
18300,85,3.198413678320884,0.3921568627450981,0.00784313725490196,9,5,2
39133,101,3.451457186313933,0.3921568627450981,0.01568627450980392,9,7,2
2964,176,4.371743529079056,0.3921568627450981,0.00392156862745098,3,5,2
38563,159,4.432423959946456,0.3921568627450981,0.00784313725490196,8,1,2
32927,132,3.818585038401231,0.3921568627450981,0.011764705882352941,8,5,2
18116,157,4.659691607248659,0.3921568627450981,0.06274509803921569,9,4,2
24016,176,4.595213396477856,0.3921568627450981,0.00784313725490196,6,5,2
39721,136,4.394374440178274,0.3921568627450981,0.11372549019607843,9,4,2
5831,203,5.046493561898267,0.3921568627450981,0.00392156862745098,8,3,2
14857,143,4.287270034902425,0.3921568627450981,0.0196078431372549,3,5,2
24994,136,3.8593854205926124,0.3921568627450981,0.00392156862745098,6,5,2
12201,171,4.494389684816505,0.3921568627450981,0.01568627450980392,8,2,2
14116,124,3.7195742502126583,0.3921568627450981,0.00392156862745098,5,1,2
9776,224,5.414705083554275,0.3921568627450981,0.00392156862745098,3,5,2
2623,115,3.822211939937709,0.3921568627450981,0.011764705882352941,9,4,2
24957,162,4.547043181195562,0.3921568627450981,0.011764705882352941,9,4,2
39523,147,4.166086695506833,0.3921568627450981,0.011764705882352941,8,6,2
6848,116,3.637336820598571,0.3921568627450981,0.00392156862745098,9,7,2
36604,182,4.675151291686055,0.3921568627450981,0.00392156862745098,8,9,2
35325,128,3.7127460041316716,0.3921568627450981,0.00392156862745098,2,6,2
33032,160,4.12740021393026,0.3921568627450981,0.00392156862745098,8,5,2
13309,147,4.264736082831991,0.3921568627450981,0.00392156862745098,3,5,2
15988,120,3.8531083134930713,0.3921568627450981,0.00784313725490196,9,4,2
13335,274,5.879089290708209,0.3921568627450981,0.00392156862745098,8,0,2
12995,147,3.995443386974211,0.3921568627450981,0.00392156862745098,8,4,2
33796,100,3.3909280331198084,0.3921568627450981,0.00784313725490196,5,7,2
21392,96,3.2741411087489802,0.3921568627450981,0.00392156862745098,6,5,2
29916,155,4.181297036304101,0.3921568627450981,0.00392156862745098,9,7,2
10601,98,3.430989334343646,0.3921568627450981,0.00784313725490196,3,5,2
16270,169,4.528275895263194,0.3921568627450981,0.027450980392156862,0,5,2
4051,96,3.317577526736251,0.3921568627450981,0.00784313725490196,9,4,2
14315,159,4.185425362747259,0.3921568627450981,0.00784313725490196,3,5,2
33741,154,4.373574134648331,0.3921568627450981,0.0196078431372549,8,5,2
27720,148,4.2977601168863675,0.3921568627450981,0.00784313725490196,3,5,2
15792,66,2.959579030093809,0.3921568627450981,0.11372549019607843,3,1,2
38628,194,4.9354884784151825,0.3921568627450981,0.00784313725490196,8,5,2
4092,88,3.410040132083807,0.3921568627450981,0.011764705882352941,9,1,2
22670,183,4.5945507064098905,0.3921568627450981,0.00784313725490196,2,9,3
33769,121,3.6827559344310976,0.3921568627450981,0.01568627450980392,8,6,3
18711,89,3.2726424169287305,0.3921568627450981,0.01568627450980392,9,4,2
39091,145,4.235123453351602,0.3921568627450981,0.00784313725490196,8,1,2
19341,147,4.3114432465391035,0.3921568627450981,0.011764705882352941,8,2,2
2150,161,4.328976605013159,0.3921568627450981,0.00392156862745098,8,3,2
20259,150,4.405639320679109,0.3921568627450981,0.01568627450980392,9,4,2
5818,193,5.072154497796712,0.3921568627450981,0.03137254901960784,8,5,2
34238,135,4.179233183712615,0.3921568627450981,0.0392156862745098,9,4,2
5763,181,4.651198619355401,0.3921568627450981,0.00784313725490196,9,4,3
11655,122,3.8209664612756034,0.3921568627450981,0.0392156862745098,3,5,2
21782,149,4.0688613209420215,0.3921568627450981,0.00392156862745098,8,1,2
14063,207,4.989022936952322,0.3921568627450981,0.00392156862745098,3,7,2
8284,137,3.8799636141410945,0.3921568627450981,0.00784313725490196,3,5,2
28003,134,4.40592903803464,0.3921568627450981,0.11372549019607843,8,7,2
15382,140,4.305387664000977,0.3921568627450981,0.011764705882352941,9,7,2
2965,126,3.8255680839499595,0.3921568627450981,0.00392156862745098,3,5,2
28759,141,3.914662546471783,0.3921568627450981,0.00392156862745098,8,1,4
1288,117,3.9025558714607955,0.3921568627450981,0.0392156862745098,3,5,2
3676,158,4.323774391707818,0.3921568627450981,0.00392156862745098,3,5,2
23397,123,3.7526010459100867,0.3921568627450981,0.00784313725490196,9,4,2
22089,230,5.437681619198792,0.3921568627450981,0.00784313725490196,8,9,3
14513,83,3.078104141468993,0.3921568627450981,0.00392156862745098,9,7,2
21231,193,4.737938205492121,0.3921568627450981,0.011764705882352941,0,5,2
29679,141,3.9964055360743687,0.3921568627450981,0.011764705882352941,9,4,2
36981,107,3.413341983841403,0.3921568627450981,0.00784313725490196,9,5,2
37321,134,4.10996856428183,0.3921568627450981,0.0392156862745098,6,5,2
4858,135,4.0874222166028025,0.3921568627450981,0.011764705882352941,2,7,2
29123,137,3.9895229956950424,0.3921568627450981,0.00784313725490196,3,1,2
6083,165,4.821445428977282,0.3921568627450981,0.011764705882352941,9,4,2
33162,191,4.837933220599673,0.3921568627450981,0.00784313725490196,8,9,2
4855,175,4.982801640404738,0.3921568627450981,0.0039215686274509665,3,2,3
29890,87,2.960779119590302,0.3921568627450981,0.00784313725490196,3,5,2
33176,161,3.9649909713059235,0.3921568627450981,0.007843137254901933,2,3,2
15833,74,3.025469228448305,0.3921568627450981,0.0392156862745098,1,4,3
17765,133,3.792704301787801,0.3921568627450981,0.00392156862745098,8,5,2
10988,150,3.9469356029196594,0.3921568627450981,0.0039215686274509665,5,6,3
16876,120,3.7137399838216463,0.3921568627450981,0.00392156862745098,2,1,2
33412,181,4.635352177732661,0.3921568627450981,0.00392156862745098,3,9,2
28783,228,5.2362531250595845,0.3921568627450981,0.0039215686274509665,3,5,2
37714,171,4.420187167347868,0.3921568627450981,0.00392156862745098,8,5,2
14873,192,4.966804066746255,0.3921568627450981,0.011764705882352941,8,5,2
37066,139,4.036383930277551,0.3921568627450981,0.00392156862745098,2,7,2
32136,166,4.476270898125195,0.3921568627450981,0.00784313725490196,2,5,2
8464,171,4.652497851185579,0.3921568627450981,0.00392156862745098,3,5,2
19416,192,4.724002694852803,0.3921568627450981,0.007843137254901933,4,6,2
21837,127,3.9354010947093956,0.3921568627450981,0.011764705882352941,2,5,2
6313,131,3.884273638577283,0.3921568627450981,0.03137254901960784,9,7,2
12231,97,3.364148223818108,0.3921568627450981,0.00392156862745098,9,4,2
21374,182,4.66421916375459,0.3921568627450981,0.00392156862745098,3,5,2
3055,128,3.906575259430341,0.3921568627450981,0.027450980392156862,8,1,3
22866,164,4.3583291155830075,0.3921568627450981,0.00392156862745098,8,5,2
18522,148,4.30169266506781,0.3921568627450981,0.027450980392156862,8,1,3
9222,92,3.0790732439359885,0.3921568627450981,0.011764705882352941,9,4,2
3069,181,4.799969562892092,0.3921568627450981,0.027450980392156862,9,4,2
10630,95,3.504054881868722,0.3921568627450981,0.11372549019607843,9,4,2
22696,162,4.564594702506954,0.3921568627450981,0.00392156862745098,8,1,2
9550,163,4.4013803713602,0.3921568627450981,0.011764705882352941,3,5,2
3068,143,4.444959216632255,0.3921568627450981,0.027450980392156862,2,5,2
36190,165,4.487174255038333,0.3921568627450981,0.00392156862745098,8,5,2
32490,142,4.092938001490445,0.3921568627450981,0.00392156862745098,2,7,2
20094,149,4.257102530253995,0.3921568627450981,0.00392156862745098,8,5,2
29701,152,4.095969080285066,0.3921568627450981,0.007843137254901933,2,3,2
27738,157,4.217473401407549,0.3921568627450981,0.00392156862745098,8,5,2
25675,204,5.378654038123513,0.3921568627450981,0.0392156862745098,4,2,2
7597,204,5.049607047494119,0.3921568627450981,0.00392156862745098,9,4,2
21375,115,3.782330070372716,0.3921568627450981,0.11372549019607843,9,7,2
17374,115,3.4478127173094695,0.3921568627450981,0.00784313725490196,9,4,2
32889,117,3.6562776170679236,0.3921568627450981,0.00784313725490196,3,5,2
33201,154,4.325456419970166,0.3921568627450981,0.01568627450980392,9,4,2
33573,134,3.8712040354845896,0.3921568627450981,0.00392156862745098,9,5,2
22287,158,4.208659899168213,0.3921568627450981,0.00392156862745098,3,5,2
24184,184,5.121516079362889,0.3921568627450981,0.06666666666666667,9,4,2
12436,163,4.503782851884841,0.3921568627450981,0.00392156862745098,9,3,2
4471,151,4.343648445107714,0.3921568627450981,0.0392156862745098,9,7,2
31238,131,4.104456931813686,0.3921568627450981,0.11372549019607843,8,4,3
30132,151,4.328415273214126,0.3921568627450981,0.00784313725490196,3,5,2
9196,139,3.946308238345534,0.3921568627450981,0.011764705882352941,6,5,2
33413,196,4.820304995925938,0.3921568627450981,0.0196078431372549,8,5,2
33361,130,3.8439955024075925,0.3921568627450981,0.00392156862745098,9,4,2
21598,107,3.563394137304738,0.3921568627450981,0.00392156862745098,9,7,2
28594,148,4.167319441369107,0.3921568627450981,0.007843137254901933,3,8,2
33639,159,4.464002717454136,0.3921568627450981,0.00784313725490196,8,1,2
23370,173,4.281374232770404,0.3921568627450981,0.0117647058823529,0,7,5
27670,197,4.799479338671807,0.3921568627450981,0.00392156862745098,8,4,4
34168,110,3.4742729968431694,0.3921568627450981,0.0039215686274509665,8,3,3
12811,150,4.471095602444397,0.3921568627450981,0.043137254901960784,0,5,2
262,133,4.23336739035788,0.3921568627450981,0.03137254901960784,9,4,2
38785,142,4.202677603484619,0.3921568627450981,0.00784313725490196,3,5,2
18455,173,4.742590489605375,0.3921568627450981,0.011764705882352941,8,5,2
32294,188,4.806486710105961,0.3921568627450981,0.00784313725490196,3,5,2
8739,191,4.853341635289552,0.3921568627450981,0.00392156862745098,3,5,2
24384,152,4.292672332647656,0.3921568627450981,0.00784313725490196,9,4,2
23602,202,5.014600750244448,0.3921568627450981,0.011764705882352941,0,6,3
32055,214,4.862732447801382,0.3921568627450981,0.00392156862745098,8,3,2
39699,130,3.6251121235758674,0.3921568627450981,0.0039215686274509665,8,2,4
5745,139,3.9607338377680605,0.3921568627450981,0.011764705882352941,9,5,4
6270,158,4.3881862304289,0.3921568627450981,0.011764705882352941,9,4,2
14723,119,3.6002328089103464,0.3921568627450981,0.00784313725490196,3,5,2
22291,136,4.076024931076149,0.3921568627450981,0.00784313725490196,3,2,2
12434,151,4.143418881884548,0.3921568627450981,0.01568627450980392,8,9,2
23776,101,3.4869118718649914,0.3921568627450981,0.01568627450980392,7,4,3
672,172,4.414756284193656,0.3921568627450981,0.00392156862745098,8,5,2
36347,170,4.683485920667299,0.3921568627450981,0.01568627450980392,0,5,2
20525,164,4.476683151790228,0.3921568627450981,0.023529411764705882,8,4,4
23986,105,3.6666456956514693,0.3921568627450981,0.11372549019607843,3,5,2
896,143,4.204761037050798,0.3921568627450981,0.0196078431372549,0,6,2
13676,141,4.072897829804493,0.3921568627450981,0.01568627450980392,8,5,2
38395,213,5.0525892578341844,0.3921568627450981,0.0039215686274509665,6,0,2
24964,86,3.144105266029659,0.3921568627450981,0.043137254901960784,9,7,2
13104,182,4.64983453133348,0.3921568627450981,0.023529411764705882,3,5,2
26801,103,3.45175347846925,0.3921568627450981,0.0039215686274509665,6,4,2
4275,123,4.058082721065596,0.3921568627450981,0.011764705882352941,9,4,3
34593,101,3.3345833872887343,0.3921568627450981,0.00392156862745098,9,4,2
3095,171,4.415212596054501,0.3921568627450981,0.007843137254901933,3,5,2
3042,201,5.106169986777917,0.3921568627450981,0.00784313725490196,3,5,2
11505,166,4.319974083964015,0.3921568627450981,0.00392156862745098,0,4,3
27909,125,3.752416624885954,0.3921568627450981,0.00392156862745098,8,1,2
24582,95,3.1141823144911207,0.3921568627450981,0.0039215686274509665,8,1,2
16524,154,4.160974658838429,0.3921568627450981,0.0039215686274509665,8,5,4
9221,137,3.9332844600408214,0.3921568627450981,0.00784313725490196,3,5,2
16242,85,3.0221379774313473,0.3921568627450981,0.0196078431372549,3,5,2
2374,176,4.84627825430076,0.3921568627450981,0.027450980392156862,8,3,2
18534,130,4.161708237682455,0.3921568627450981,0.00784313725490196,2,1,2
34747,86,3.0847269209534667,0.3921568627450981,0.00392156862745098,2,1,2
32444,142,4.204545242001984,0.3921568627450981,0.0196078431372549,9,4,2
25676,107,3.519533015753818,0.3921568627450981,0.00392156862745098,1,5,2
2611,139,3.912888432628461,0.3921568627450981,0.00392156862745098,9,4,2
20281,136,3.977025524955025,0.3921568627450981,0.011764705882352941,8,6,2
23978,164,4.317782406028059,0.3921568627450981,0.00392156862745098,2,5,2
13677,173,4.522362734885643,0.3921568627450981,0.00784313725490196,9,4,2
39707,200,4.538591834485837,0.3921568627450981,0.007843137254901933,3,5,2
30737,192,4.8367394433550555,0.3921568627450981,0.01568627450980392,8,5,2
26155,139,3.8971100008971593,0.3921568627450981,0.00392156862745098,6,7,5
11909,145,4.203350853856379,0.3921568627450981,0.00392156862745098,6,5,2
36408,160,4.496115628827767,0.3921568627450981,0.0039215686274509665,8,5,2
28781,128,3.904852608569996,0.3921568627450981,0.00784313725490196,9,4,2
37138,169,4.5261579009241855,0.3921568627450981,0.00392156862745098,8,1,2
32040,107,3.5624337546199176,0.3921568627450981,0.0196078431372549,2,7,2
33362,130,3.995999537407431,0.3921568627450981,0.03137254901960784,0,5,2
38551,220,5.3118425142138115,0.3921568627450981,0.011764705882352941,8,0,2
1287,91,3.325023089651079,0.3921568627450981,0.023529411764705882,2,1,2
22938,208,5.100237836611528,0.3921568627450981,0.011764705882352941,8,5,2
19986,167,4.306364486025909,0.3921568627450981,0.00784313725490196,8,5,2
28583,129,4.003742962350809,0.3921568627450981,0.00392156862745098,8,5,3
5220,180,4.713767902977113,0.3921568627450981,0.01568627450980392,2,5,2
3889,142,3.93740137216816,0.3921568627450981,0.00784313725490196,2,3,2
3862,107,3.443260080885744,0.3921568627450981,0.00392156862745098,3,5,2
10785,169,4.427376299757451,0.3921568627450981,0.00784313725490196,6,5,2
505,167,4.7238252701197645,0.3921568627450981,0.011764705882352941,6,4,2
32518,190,4.811275683477527,0.3921568627450981,0.011764705882352941,8,5,2
35505,77,2.830470770521373,0.3921568627450981,0.00784313725490196,1,2,2
37458,133,3.9656560991605057,0.3921568627450981,0.01568627450980392,8,4,3
36008,110,3.5511833941172855,0.3921568627450981,0.00784313725490196,2,7,2
29128,212,4.969272750085703,0.3921568627450981,0.00392156862745098,3,5,2
31767,152,4.310091160654121,0.3921568627450981,0.00392156862745098,3,5,2
501,134,4.057108664918189,0.3921568627450981,0.00784313725490196,9,4,2
4106,137,4.0241007888452645,0.3921568627450981,0.00784313725490196,6,5,2
11448,145,4.285673495347892,0.3921568627450981,0.00784313725490196,7,4,3
4112,127,4.082219206338226,0.3921568627450981,0.011764705882352941,9,4,2
9378,173,4.555051781486808,0.3921568627450981,0.00784313725490196,8,5,2
11306,129,3.9225312544010627,0.3921568627450981,0.00392156862745098,3,5,2
16858,134,3.8125735444592808,0.3921568627450981,0.00392156862745098,0,5,3
23161,208,5.124123315645399,0.3921568627450981,0.023529411764705882,8,5,2
7180,167,4.499821859859887,0.3921568627450981,0.011764705882352941,9,4,2
32939,162,4.691340276198465,0.3921568627450981,0.11372549019607843,2,4,2
33399,153,4.224452354234206,0.3921568627450981,0.01568627450980392,8,5,2
18901,144,4.120467754696459,0.3921568627450981,0.00392156862745098,3,5,2
20252,119,3.5175115281998495,0.3921568627450981,0.00784313725490196,8,5,2
26145,138,3.9807842944093212,0.3921568627450981,0.00784313725490196,9,4,2
30096,179,4.80584035309365,0.3921568627450981,0.0196078431372549,8,5,2
850,186,4.748655286295914,0.3921568627450981,0.00784313725490196,8,5,2
19410,144,4.215668034616264,0.3921568627450981,0.01568627450980392,6,5,2
21831,96,3.198185279361195,0.3921568627450981,0.01568627450980392,9,4,2
17401,149,4.176527662318299,0.3921568627450981,0.00784313725490196,3,5,2
24544,196,5.160829012262475,0.3921568627450981,0.0196078431372549,9,5,2
26353,269,5.850526976070758,0.3921568627450981,0.00784313725490196,8,3,2
23559,122,3.7472491512389428,0.3921568627450981,0.00392156862745098,3,5,2
32454,109,3.6444329572872483,0.3921568627450981,0.00392156862745098,3,5,2
3912,116,3.5336249362816394,0.3921568627450981,0.00392156862745098,9,5,3
33762,159,4.308604803835279,0.3921568627450981,0.0196078431372549,3,5,2
28424,173,4.695919191700264,0.3921568627450981,0.00784313725490196,3,5,2
15969,170,4.80922636277202,0.3921568627450981,0.023529411764705882,3,9,2
475,181,4.980853768942569,0.3921568627450981,0.00392156862745098,9,4,2
31820,125,3.6649193697717424,0.3921568627450981,0.00392156862745098,9,4,2
6659,142,3.9462108125401567,0.3921568627450981,0.011764705882352941,5,7,2
22874,169,4.648620569869558,0.3921568627450981,0.011764705882352941,2,4,2
5436,167,4.839914780913523,0.3921568627450981,0.10980392156862745,9,4,2
25869,112,3.6866228454526797,0.3921568627450981,0.00784313725490196,6,4,2
9218,146,4.229033135487761,0.3921568627450981,0.0039215686274509665,6,4,2
28380,115,4.084942012993504,0.3921568627450981,0.25098039215686274,0,5,2
1889,170,4.682742125908964,0.3921568627450981,0.01568627450980392,9,4,2
36196,167,4.480072499001452,0.3921568627450981,0.00392156862745098,9,4,2
14451,116,3.7598498092656967,0.3921568627450981,0.0196078431372549,8,1,2
16520,158,4.116804769127709,0.3921568627450981,0.0039215686274509665,8,9,2
19834,157,4.362705882176689,0.3921568627450981,0.023529411764705882,3,5,2
28431,138,4.350221726043851,0.3921568627450981,0.043137254901960784,9,4,2
21367,191,4.681508775350853,0.3921568627450981,0.00392156862745098,8,5,2
25101,179,4.690969835840872,0.3921568627450981,0.00392156862745098,3,5,2
1862,135,4.055106757068974,0.3921568627450981,0.00784313725490196,9,8,2
32455,183,4.615358077191815,0.3921568627450981,0.011764705882352941,8,9,2
3907,101,3.4751294096316823,0.3921568627450981,0.00392156862745098,9,4,2
30915,129,3.7726815027081977,0.3921568627450981,0.00392156862745098,7,6,2
1335,136,3.8769917429638165,0.3921568627450981,0.00392156862745098,8,1,2
19377,106,3.458158755199509,0.3921568627450981,0.00392156862745098,2,7,2
30097,164,4.481261768269678,0.3921568627450981,0.023529411764705882,9,7,2
21603,106,3.202680538198867,0.3921568627450981,0.0039215686274509665,3,8,2
27514,116,3.723875811206069,0.3921568627450981,0.011764705882352941,8,1,2
20253,142,4.080636658681689,0.3921568627450981,0.01568627450980392,2,7,2
32092,95,3.5720087407053627,0.3921568627450981,0.08235294117647059,3,5,2
1296,164,4.5519784157129415,0.3921568627450981,0.00784313725490196,9,7,2
35702,115,3.798034660428297,0.3921568627450981,0.0392156862745098,3,5,2
38540,114,3.935315122505175,0.3921568627450981,0.11372549019607843,9,7,2
21039,141,4.090406627032496,0.3921568627450981,0.0196078431372549,9,5,3
13276,80,3.097284594120806,0.3921568627450981,0.00392156862745098,7,1,2
11461,99,3.143112179269539,0.3921568627450981,0.0039215686274509665,6,5,2
8067,174,4.792278808499452,0.3921568627450981,0.11372549019607843,8,5,2
34805,130,4.178760303943769,0.3921568627450981,0.043137254901960784,3,5,2
16332,193,4.995405809372005,0.3921568627450981,0.03137254901960784,3,5,2
27110,128,3.9692009195835714,0.3921568627450981,0.01568627450980392,9,7,2
10964,101,3.4369321907053014,0.3921568627450981,0.027450980392156862,3,5,2
15808,128,3.8690721547569877,0.3921568627450981,0.00392156862745098,2,7,2
22054,83,2.9390135838115015,0.3921568627450981,0.00784313725490196,3,7,2
29667,105,3.703416546602213,0.3921568627450981,0.023529411764705882,9,1,2
26554,128,3.9861139209380214,0.3921568627450981,0.011764705882352941,5,7,2
3873,183,4.772350842551112,0.3921568627450981,0.00392156862745098,6,5,2
27138,159,4.695293642722245,0.3921568627450981,0.10980392156862745,0,6,2
7395,129,4.0083745474792725,0.3921568627450981,0.00784313725490196,3,5,2
1082,87,3.162900084942291,0.3921568627450981,0.01568627450980392,9,4,2
33615,186,4.861609608097463,0.3921568627450981,0.027450980392156862,9,7,2
7418,97,3.245014512283246,0.3921568627450981,0.00784313725490196,8,1,2
13248,95,3.4766469769348043,0.3921568627450981,0.01568627450980392,7,5,2
5569,146,4.034791027920158,0.3921568627450981,0.007843137254901933,3,1,2
4663,139,4.042850068726355,0.3921568627450981,0.00392156862745098,8,5,2
33403,168,4.428090056170877,0.3921568627450981,0.00392156862745098,8,2,2
33417,157,4.3936709575127715,0.3921568627450981,0.00784313725490196,3,1,3
25275,122,3.7688620848792604,0.3921568627450981,0.00784313725490196,8,4,2
14725,91,3.082577450288025,0.3921568627450981,0.00784313725490196,3,7,2
12354,151,4.213226824752806,0.3921568627450981,0.00392156862745098,0,6,2
9637,161,4.361917965213889,0.3921568627450981,0.00784313725490196,8,6,2
4449,175,4.654834233116488,0.3921568627450981,0.00784313725490196,9,7,2
30042,130,4.347730497252528,0.3921568627450981,0.25098039215686274,0,6,2
23758,152,4.136769788490542,0.3921568627450981,0.00392156862745098,3,5,2
13857,153,4.41528574089824,0.3921568627450981,0.0039215686274509665,8,3,2
22334,142,4.15030188865975,0.3921568627450981,0.007843137254901933,7,9,2
37711,137,3.896385809440491,0.3921568627450981,0.00392156862745098,8,1,2
660,104,3.441645127574884,0.3921568627450981,0.023529411764705882,9,4,2
18731,204,5.094700264045869,0.3921568627450981,0.00784313725490196,3,5,2
25659,146,4.034000059280811,0.3921568627450981,0.00392156862745098,4,6,2
27728,85,3.098217914925613,0.3921568627450981,0.00392156862745098,3,5,2
19836,115,3.6585145825052674,0.3921568627450981,0.00784313725490196,9,4,2
26378,169,4.571435642879136,0.3921568627450981,0.011764705882352941,8,9,2
19188,105,3.405856954085932,0.3921568627450981,0.00392156862745098,9,4,2
10153,140,4.032696051915606,0.3921568627450981,0.00784313725490196,3,5,2
2372,117,3.5009506041418654,0.3921568627450981,0.011764705882352941,9,4,2
15759,183,4.504243801801463,0.3921568627450981,0.00784313725490196,8,5,2
17166,177,4.718621645621228,0.3921568627450981,0.00784313725490196,8,4,2
5420,202,4.9438694808884245,0.3921568627450981,0.00784313725490196,8,4,2
8138,179,4.5639343057890995,0.3921568627450981,0.00392156862745098,6,7,4
24591,126,3.8462432426839026,0.3921568627450981,0.0196078431372549,8,6,2
31611,162,4.54285078687585,0.3921568627450981,0.00392156862745098,9,4,2
23567,189,4.864359314618394,0.3921568627450981,0.01568627450980392,0,5,2
34033,141,4.108909497044436,0.3921568627450981,0.00784313725490196,8,5,2
12786,142,4.177234579850872,0.3921568627450981,0.06274509803921569,4,0,2
13498,229,5.36211237619542,0.3921568627450981,0.01568627450980392,3,5,2
18724,100,3.5594019947954227,0.3921568627450981,0.0392156862745098,2,6,2
1336,128,4.147206690915948,0.3921568627450981,0.01568627450980392,3,2,2
11072,186,4.799942329526679,0.3921568627450981,0.00784313725490196,9,7,2
8448,152,4.361634139227545,0.3921568627450981,0.00784313725490196,9,4,2
37704,83,3.1874754901018454,0.3921568627450981,0.00392156862745098,9,4,2
21614,163,4.288880323023839,0.3921568627450981,0.007843137254901933,4,9,2
4299,198,4.7578147536758975,0.3921568627450981,0.0039215686274509665,6,4,2
24744,82,3.1271774420913916,0.3921568627450981,0.00392156862745098,9,1,3
11927,147,4.100093302639571,0.3921568627450981,0.00784313725490196,6,5,2
15412,98,3.3919800475282402,0.3921568627450981,0.01568627450980392,9,4,2
13711,126,3.9478764628514127,0.3921568627450981,0.011764705882352941,2,7,2
932,150,3.923938499608784,0.3921568627450981,0.00392156862745098,8,5,3
21953,227,5.3127037582201675,0.3921568627450981,0.011764705882352941,8,5,2
9150,131,3.9379247145273943,0.3921568627450981,0.023529411764705882,9,4,2
39885,165,4.365810335397056,0.3921568627450981,0.00392156862745098,8,7,3
6288,124,3.8373125127179097,0.3921568627450981,0.0196078431372549,9,7,2
25506,181,4.56876546118233,0.3921568627450981,0.0039215686274509665,3,8,3
2944,115,3.3768713751793924,0.3921568627450981,0.0039215686274509665,8,7,3
20330,138,4.134417761527715,0.3921568627450981,0.0117647058823529,5,7,2
7814,158,4.258587000978824,0.3921568627450981,0.0039215686274509665,5,6,3
22241,85,3.0197198858765057,0.3921568627450981,0.00392156862745098,6,5,2
11853,191,4.67108704799207,0.3921568627450981,0.00392156862745098,8,9,3
29843,235,5.451946592321035,0.3921568627450981,0.00392156862745098,8,0,2
5554,149,4.27958144891899,0.3921568627450981,0.00784313725490196,3,5,2
19016,159,4.589389832955054,0.3921568627450981,0.011764705882352941,9,4,2
16325,146,4.164752039919986,0.3921568627450981,0.0392156862745098,3,5,2
39339,136,3.9642384472611583,0.3921568627450981,0.00392156862745098,5,9,2
29658,177,4.725927894463458,0.3921568627450981,0.01568627450980392,8,9,2
26225,158,4.610058708065533,0.3921568627450981,0.0196078431372549,2,5,4
3864,88,3.320573038746727,0.3921568627450981,0.0392156862745098,6,5,3
6953,162,4.5182648678866,0.3921568627450981,0.00392156862745098,3,9,2
26242,128,3.615239647460957,0.3921568627450981,0.0039215686274509665,3,5,2
16381,103,3.402471002028715,0.3921568627450981,0.00392156862745098,9,4,2
37429,151,4.258429909950653,0.3921568627450981,0.011764705882352941,8,5,2
1741,112,3.7125554609661675,0.3921568627450981,0.023529411764705882,2,1,2
30391,88,3.007633502421867,0.3921568627450981,0.0039215686274509665,5,4,5
29818,120,3.5948808064111053,0.3921568627450981,0.01568627450980392,3,1,2
33303,118,3.825284664984567,0.3921568627450981,0.00784313725490196,2,7,2
36509,123,3.634572765116813,0.3921568627450981,0.00392156862745098,0,5,2
34478,134,3.692185498623762,0.3921568627450981,0.00392156862745098,9,4,2
22554,150,4.3663598155918955,0.3921568627450981,0.03137254901960784,3,5,2
39160,165,4.570555849852879,0.3921568627450981,0.01568627450980392,9,4,2
26915,114,3.533453024022243,0.3921568627450981,0.00784313725490196,9,4,2
5043,151,4.435996199698217,0.3921568627450981,0.00392156862745098,9,7,2
32948,220,5.090061631506405,0.3921568627450981,0.00784313725490196,8,0,2
13038,90,3.3408289426184314,0.3921568627450981,0.0117647058823529,3,7,2
38322,123,3.75261743845139,0.3921568627450981,0.011764705882352941,7,5,6
21667,128,3.8593515500371716,0.3921568627450981,0.00784313725490196,6,5,2
11954,132,4.10389299522575,0.3921568627450981,0.11372549019607843,8,4,5
20237,167,4.786017054550023,0.3921568627450981,0.050980392156862744,9,4,2
1351,174,4.670807192641791,0.3921568627450981,0.00784313725490196,8,5,2
24904,220,5.143781215992839,0.3921568627450981,0.0196078431372549,8,0,2
13158,197,4.885349108228159,0.3921568627450981,0.00392156862745098,9,7,3
5679,130,3.92516109960138,0.3921568627450981,0.023529411764705882,3,5,2
37213,146,4.299058845708206,0.3921568627450981,0.00392156862745098,9,4,3
31662,68,2.5731318086881476,0.3921568627450981,0.01568627450980392,1,4,2
25617,141,4.192576878755508,0.3921568627450981,0.00784313725490196,9,4,2
23266,168,4.616082745729018,0.3921568627450981,0.00784313725490196,8,5,2
2499,166,4.112476679174618,0.3921568627450981,0.0039215686274509665,8,3,2
33707,173,4.597465159198304,0.3921568627450981,0.00392156862745098,9,4,2
15930,211,5.11122879024716,0.3921568627450981,0.00784313725490196,9,4,3
5447,96,3.317343424663015,0.3921568627450981,0.00784313725490196,9,7,2
36694,144,3.996490194106305,0.3921568627450981,0.00392156862745098,8,5,2
5309,112,3.4966101011056656,0.3921568627450981,0.00784313725490196,6,4,2
7279,102,3.5436314856532465,0.3921568627450981,0.03137254901960784,9,4,2
6615,168,4.467690839562256,0.3921568627450981,0.00784313725490196,3,5,2
8604,136,3.814051601561935,0.3921568627450981,0.00784313725490196,8,4,2
28497,132,3.8086750166619856,0.3921568627450981,0.00392156862745098,9,5,2
4980,94,3.262537700799019,0.3921568627450981,0.0196078431372549,3,5,2
13398,170,4.203745972335045,0.3921568627450981,0.0039215686274509665,8,9,2
38653,154,4.369452873758207,0.3921568627450981,0.00392156862745098,3,5,2
10322,177,4.758045857751638,0.3921568627450981,0.0392156862745098,8,5,2
5678,113,3.5529779680387414,0.3921568627450981,0.0196078431372549,3,5,2
34280,177,4.659376411373965,0.3921568627450981,0.00392156862745098,8,6,2
28871,115,3.4861333481203194,0.3921568627450981,0.00392156862745098,3,5,2
5136,148,4.1169373804866325,0.3921568627450981,0.011764705882352941,3,5,2
11766,152,4.212445630866076,0.3921568627450981,0.00392156862745098,9,7,2
28118,157,4.489046860384185,0.3921568627450981,0.00784313725490196,9,4,3
22353,131,3.60319606941507,0.3921568627450981,0.0039215686274509665,6,4,2
32154,119,3.674719059896376,0.3921568627450981,0.01568627450980392,9,4,2
36454,101,3.5325650401893545,0.3921568627450981,0.11372549019607843,2,4,2
9903,107,3.446003541428181,0.3921568627450981,0.011764705882352941,9,4,2
14756,145,4.204973163761985,0.3921568627450981,0.00392156862745098,3,5,2
4412,113,3.6031960694150706,0.3921568627450981,0.00392156862745098,3,5,3
14742,270,6.315707885104045,0.3921568627450981,0.25098039215686274,8,0,2
37158,93,3.4045901575248543,0.3921568627450981,0.027450980392156862,9,7,2
27405,148,3.933182801647112,0.3921568627450981,0.0039215686274509665,4,9,2
37616,145,3.9850180788563554,0.3921568627450981,0.0039215686274509665,4,9,2
33316,118,3.6864935270772716,0.3921568627450981,0.0039215686274509665,6,4,2
35767,103,3.6755224921305585,0.3921568627450981,0.011764705882352941,1,4,2
19299,154,4.111996122411431,0.3921568627450981,0.00392156862745098,6,4,4
28044,144,4.189813905333096,0.3921568627450981,0.01568627450980392,9,7,2
6013,138,4.194821142037768,0.3921568627450981,0.050980392156862744,9,4,2
1740,187,4.588193396825635,0.3921568627450981,0.00392156862745098,4,9,2
3625,142,4.35460134389854,0.3921568627450981,0.11372549019607843,9,4,2
9485,97,3.54696723236651,0.3921568627450981,0.0784313725490196,2,9,2
5283,202,5.074700726777796,0.3921568627450981,0.027450980392156862,8,6,2
565,134,3.8850258178725574,0.3921568627450981,0.00784313725490196,3,5,2
37366,135,4.026079916308528,0.3921568627450981,0.00784313725490196,5,3,3
33102,68,2.7470945120913055,0.3921568627450981,0.011764705882352941,3,1,2
8799,214,5.079993703205342,0.3921568627450981,0.011764705882352941,9,4,2
30437,150,4.103863016360924,0.3921568627450981,0.0039215686274509665,8,7,2
17077,108,3.9616461885024283,0.3921568627450981,0.10980392156862745,2,4,2
8772,129,3.8285135940556985,0.3921568627450981,0.00392156862745098,8,1,2
33857,205,5.407799058530138,0.3921568627450981,0.0117647058823529,2,4,3
31926,107,3.6380766473037722,0.3921568627450981,0.01568627450980392,9,4,2
19066,145,4.006530616593282,0.3921568627450981,0.0039215686274509665,3,5,2
3394,127,3.9727309638376243,0.3921568627450981,0.027450980392156862,3,5,2
26719,145,4.166507494076184,0.3921568627450981,0.00784313725490196,9,4,2
16816,172,4.781037129357528,0.3921568627450981,0.027450980392156862,5,9,2
13007,199,5.106623240725914,0.3921568627450981,0.00784313725490196,9,4,2
28085,121,3.745695466156135,0.3921568627450981,0.00392156862745098,8,1,2
13749,138,4.2457514327570065,0.3921568627450981,0.00392156862745098,0,5,2
16962,99,3.2913457058126068,0.3921568627450981,0.011764705882352941,9,4,2
37774,178,4.7289109740387865,0.3921568627450981,0.00784313725490196,3,9,2
19462,160,4.04623794684536,0.3921568627450981,0.0039215686274509665,6,5,3
37953,150,4.167271467063302,0.3921568627450981,0.00392156862745098,8,5,2
27771,190,4.99954630775159,0.3921568627450981,0.00784313725490196,8,6,2
35361,150,4.13213324841081,0.3921568627450981,0.00784313725490196,3,0,2
28456,114,3.7650633000270135,0.3921568627450981,0.00392156862745098,9,1,3
12084,66,2.7365131867718806,0.3921568627450981,0.00392156862745098,1,7,2
27981,118,3.471988196650129,0.3921568627450981,0.011764705882352941,8,9,2
17117,115,3.7654533571677353,0.3921568627450981,0.011764705882352941,9,4,2
17103,117,3.7291024799074206,0.3921568627450981,0.00784313725490196,8,2,2
19890,109,3.519456548170991,0.3921568627450981,0.00784313725490196,9,5,2
9530,168,4.466141579423862,0.3921568627450981,0.00784313725490196,8,5,2
10644,131,4.062782950841908,0.3921568627450981,0.023529411764705882,2,7,2
31852,119,3.7594121277572556,0.3921568627450981,0.01568627450980392,3,7,2
16221,179,4.535932832282388,0.3921568627450981,0.011764705882352941,9,4,2
10888,152,4.101874553886879,0.3921568627450981,0.00392156862745098,2,0,2
14345,125,3.8288048071743948,0.3921568627450981,0.011764705882352941,8,4,2
4029,175,4.705921568464054,0.3921568627450981,0.00784313725490196,3,5,2
2458,112,3.7187968768752526,0.3921568627450981,0.0196078431372549,3,5,2
27980,186,5.096272695450063,0.3921568627450981,0.0392156862745098,9,4,2
25167,135,3.907173579781832,0.3921568627450981,0.00784313725490196,2,7,2
26308,138,4.247337633199885,0.3921568627450981,0.011764705882352941,3,7,2
37205,121,3.6458420909435105,0.3921568627450981,0.00392156862745098,2,8,2
2114,127,4.061961465798852,0.3921568627450981,0.0196078431372549,9,4,2
35837,119,3.643662766294247,0.3921568627450981,0.00392156862745098,2,1,2
1421,182,4.838360746928279,0.3921568627450981,0.00392156862745098,9,5,3
5647,135,3.7757700977197084,0.3921568627450981,0.00392156862745098,3,5,2
15503,114,3.5558443750438444,0.3921568627450981,0.00784313725490196,3,5,2
18741,132,3.8112805308571067,0.3921568627450981,0.0039215686274509665,5,8,2
29577,127,3.9331104661901035,0.3921568627450981,0.00784313725490196,3,4,3
22344,162,4.269833743826931,0.3921568627450981,0.0039215686274509665,3,5,2
11956,215,5.130030843494953,0.3921568627450981,0.00392156862745098,8,6,2
20547,206,5.222849275629159,0.3921568627450981,0.00392156862745098,8,4,3
26650,155,4.16651487612789,0.3921568627450981,0.00392156862745098,9,4,2
26678,142,3.7697086857670934,0.3921568627450981,0.007843137254901933,2,0,2
5684,152,4.365132195588963,0.3921568627450981,0.00784313725490196,2,7,2
15339,110,3.5839747554996033,0.3921568627450981,0.01568627450980392,9,4,2
34491,179,4.767071146968696,0.3921568627450981,0.00392156862745098,3,5,2
13012,170,4.277115593580074,0.3921568627450981,0.007843137254901933,3,2,2
5733,138,3.8140959545858517,0.3921568627450981,0.0039215686274509665,3,4,2
7130,105,3.657356324782738,0.3921568627450981,0.11372549019607843,3,5,2
38268,119,3.9771859974465964,0.3921568627450981,0.0196078431372549,9,4,2
35758,141,4.237034863764411,0.3921568627450981,0.0392156862745098,9,4,2
27406,160,4.1206487658427955,0.3921568627450981,0.0039215686274509665,3,8,3
7695,210,5.034854296349312,0.3921568627450981,0.00392156862745098,6,4,2
34693,142,4.306721586845979,0.3921568627450981,0.00392156862745098,9,4,2
10725,138,4.083209870317664,0.3921568627450981,0.03137254901960784,3,5,2
10731,126,3.906419759863723,0.3921568627450981,0.00784313725490196,9,7,2
20816,184,4.902955193255035,0.3921568627450981,0.011764705882352941,8,5,2
28292,116,3.6693562537842657,0.3921568627450981,0.00784313725490196,9,5,2
18351,128,3.7692293086160746,0.3921568627450981,0.00784313725490196,3,9,2
20625,174,4.39949142494386,0.3921568627450981,0.00392156862745098,8,6,2
33895,134,4.033767504060765,0.3921568627450981,0.011764705882352941,5,4,2
35214,97,3.1806411739750753,0.3921568627450981,0.00392156862745098,9,4,2
25775,165,4.396851482640714,0.3921568627450981,0.00392156862745098,8,0,2
22744,197,4.833585882118519,0.3921568627450981,0.0039215686274509665,3,5,2
12687,146,4.134609320478455,0.3921568627450981,0.00392156862745098,3,2,2
19936,183,4.82606660515112,0.3921568627450981,0.00392156862745098,8,4,3
23466,176,4.878806492103316,0.3921568627450981,0.011764705882352941,8,5,2
9441,150,4.232128446539,0.3921568627450981,0.007843137254901933,0,5,2
17728,132,3.8426690391052967,0.3921568627450981,0.011764705882352941,9,5,2
16350,129,3.819710511161955,0.3921568627450981,0.0392156862745098,3,5,2
38085,118,3.7054984758124467,0.3921568627450981,0.0196078431372549,9,5,2
15117,102,3.777492582581352,0.3921568627450981,0.0862745098039216,6,5,2
18433,214,5.109960420759647,0.3921568627450981,0.00784313725490196,8,6,3
29822,162,4.494056051317957,0.3921568627450981,0.0392156862745098,0,4,2
17072,173,4.516157502253387,0.3921568627450981,0.00784313725490196,9,7,3
11832,142,4.183155838838755,0.3921568627450981,0.00784313725490196,3,5,2
36255,151,4.162341930916469,0.3921568627450981,0.00392156862745098,3,5,2
26052,138,3.8521203536185125,0.3921568627450981,0.00392156862745098,3,5,2
14989,123,3.850301445680155,0.3921568627450981,0.00392156862745098,9,7,2
19261,142,4.061550660970055,0.3921568627450981,0.00392156862745098,0,5,2
18157,70,2.9143350377116617,0.3921568627450981,0.11372549019607843,7,6,2
20219,148,4.048382896337207,0.3921568627450981,0.007843137254901933,5,9,3
24080,110,3.6660836277566693,0.3921568627450981,0.01568627450980392,2,1,2
32190,141,4.275317426852189,0.3921568627450981,0.011764705882352941,2,1,2
16998,214,5.4062034511733525,0.3921568627450981,0.0196078431372549,0,5,2
11007,162,4.498348622621646,0.3921568627450981,0.01568627450980392,9,7,2
17476,100,3.5436879027823585,0.3921568627450981,0.01568627450980392,2,7,3
4549,151,4.320677108141518,0.3921568627450981,0.00784313725490196,2,6,2
7732,108,3.5136467078002704,0.3921568627450981,0.00784313725490196,9,4,2
30234,126,3.702153949762648,0.3921568627450981,0.00392156862745098,9,4,2
16581,108,3.4345262818137017,0.3921568627450981,0.00784313725490196,9,4,2
35416,105,3.643909667162116,0.3921568627450981,0.11372549019607843,9,4,2
3795,199,4.914654936117039,0.3921568627450981,0.00392156862745098,8,5,3
25188,116,3.8009468862158426,0.3921568627450981,0.01568627450980392,9,5,2
19671,171,4.72595230024334,0.3921568627450981,0.01568627450980392,8,2,2
19881,199,5.098897363671828,0.3921568627450981,0.0392156862745098,3,5,2
14369,81,2.9883485131142873,0.3921568627450981,0.00392156862745098,9,5,2
8616,102,3.5313567625475932,0.3921568627450981,0.01568627450980392,9,7,2
14354,120,3.4855179046215126,0.3921568627450981,0.0039215686274509665,8,7,3
22180,161,4.288744063707123,0.3921568627450981,0.00784313725490196,8,6,3
30590,173,4.614236699093726,0.3921568627450981,0.00392156862745098,8,5,2
33927,140,4.125909544034104,0.3921568627450981,0.00784313725490196,8,5,2
2461,155,4.463058674671891,0.3921568627450981,0.011764705882352941,8,5,2
417,164,4.224101040931486,0.3921568627450981,0.0039215686274509665,3,5,3
1183,210,5.182101809291364,0.3921568627450981,0.00392156862745098,3,5,2
38127,116,3.547554675451414,0.3921568627450981,0.00784313725490196,9,7,2
28320,135,4.0402949253030345,0.3921568627450981,0.00784313725490196,8,4,2
15089,139,4.139090755213317,0.3921568627450981,0.00392156862745098,8,5,2
8366,177,4.720868295400161,0.3921568627450981,0.011764705882352941,9,2,2
3227,103,3.3041420767748524,0.3921568627450981,0.00784313725490196,9,7,2
9736,178,4.6429964870023355,0.3921568627450981,0.00784313725490196,8,5,2
21674,107,3.2355008846583777,0.3921568627450981,0.0039215686274509665,2,1,2
33502,107,3.427637182540276,0.3921568627450981,0.01568627450980392,9,7,2
23077,73,2.8173079605466964,0.3921568627450981,0.011764705882352941,3,5,3
22341,132,4.016865635641092,0.3921568627450981,0.027450980392156862,3,5,2
18963,123,3.880819661575985,0.3921568627450981,0.007843137254901933,6,5,2
3435,121,3.73595640261159,0.3921568627450981,0.01568627450980392,0,5,2
24877,104,3.444104111871508,0.3921568627450981,0.00392156862745098,9,4,2
9656,129,3.896537762674412,0.3921568627450981,0.011764705882352941,3,7,2
19506,127,3.7061603796527485,0.3921568627450981,0.0196078431372549,9,7,2
4372,159,4.43590086174269,0.3921568627450981,0.01568627450980392,9,4,2
30194,259,5.7514520173234525,0.3921568627450981,0.011764705882352941,8,9,2
11833,225,5.491998303638346,0.3921568627450981,0.01568627450980392,7,2,2
14208,144,3.9429554077080513,0.3921568627450981,0.011764705882352941,8,1,2
4602,166,4.64028462980428,0.3921568627450981,0.01568627450980392,8,2,2
16345,161,4.354076870041975,0.3921568627450981,0.011764705882352941,3,5,2
18368,170,4.5821813588489215,0.3921568627450981,0.0196078431372549,8,5,2
33853,184,4.93164970179736,0.3921568627450981,0.023529411764705882,9,4,2
27826,88,3.3232164813057925,0.3921568627450981,0.03137254901960784,2,4,2
4825,133,4.226814314166602,0.3921568627450981,0.11372549019607843,8,1,2
23301,155,4.271740423264551,0.3921568627450981,0.0039215686274509665,4,5,3
30355,154,4.128506688143843,0.3921568627450981,0.011764705882352941,9,7,2
15857,265,5.721746022596361,0.3921568627450981,0.00392156862745098,8,5,2
22745,177,4.673262762993326,0.3921568627450981,0.00392156862745098,3,5,2
35549,202,5.016828274535455,0.3921568627450981,0.00392156862745098,8,5,2
34131,123,3.988154316952227,0.3921568627450981,0.011764705882352941,9,4,2
37362,247,5.667342384571451,0.3921568627450981,0.00392156862745098,8,5,2
33845,153,4.485261437789444,0.3921568627450981,0.03137254901960784,9,4,2
12121,154,4.658815276945223,0.3921568627450981,0.03137254901960784,9,4,2
8774,156,4.30703045517345,0.3921568627450981,0.0039215686274509665,9,4,2
13203,122,3.61526942431413,0.3921568627450981,0.00392156862745098,9,4,2
39617,168,4.541411826337015,0.3921568627450981,0.00392156862745098,2,7,2
14785,104,3.463491137185507,0.3921568627450981,0.00784313725490196,9,7,2
36530,127,3.8843112510013795,0.3921568627450981,0.011764705882352941,5,1,2
24849,171,4.383082362421548,0.3921568627450981,0.00392156862745098,3,1,2
20391,188,4.733758935980517,0.3921568627450981,0.00392156862745098,5,6,2
11789,109,3.4484371198821147,0.3921568627450981,0.00392156862745098,8,1,2
38469,171,4.391689400894081,0.3921568627450981,0.0039215686274509665,2,0,2
18791,133,3.7804572445784057,0.3921568627450981,0.0196078431372549,8,5,2
165,115,3.535006458993929,0.3921568627450981,0.00392156862745098,9,4,2
22394,128,4.079792382260762,0.3921568627450981,0.11372549019607843,8,4,2
3557,168,4.393970213904126,0.3921568627450981,0.00392156862745098,8,3,2
11776,161,4.372876097852131,0.3921568627450981,0.007843137254901933,3,4,5
10695,152,4.144220509260254,0.3921568627450981,0.01568627450980392,8,2,2
429,104,3.2160592801359726,0.3921568627450981,0.011764705882352941,9,7,2
31667,117,3.742197829916458,0.3921568627450981,0.011764705882352941,9,4,2
37570,139,3.754078136217444,0.3921568627450981,0.00392156862745098,3,5,2
33702,138,4.1310128546061415,0.3921568627450981,0.011764705882352941,8,5,2
20795,152,4.102155733379665,0.3921568627450981,0.0039215686274510775,4,9,2
19100,149,4.111887662144682,0.3921568627450981,0.0039215686274509665,3,5,2
29955,154,4.168398717278051,0.3921568627450981,0.00392156862745098,8,5,2
13411,101,3.4621987888727106,0.3921568627450981,0.0039215686274509665,8,1,2
20958,132,3.8970626464403497,0.3921568627450981,0.0039215686274509665,3,5,2
29968,123,3.61587979576535,0.3921568627450981,0.00784313725490196,2,1,2
37565,121,3.7656453076269343,0.3921568627450981,0.00392156862745098,6,4,2
31128,104,3.6094859857218795,0.3921568627450981,0.00784313725490196,4,5,2
26454,107,3.4707987085841525,0.3921568627450981,0.00784313725490196,9,4,2
14380,142,4.215859549562561,0.3921568627450981,0.01568627450980392,3,5,2
31882,131,4.060963724840614,0.3921568627450981,0.01568627450980392,9,4,2
3973,164,4.390395305010251,0.3921568627450981,0.00392156862745098,8,0,2
18753,131,3.81219637675151,0.3921568627450981,0.00392156862745098,8,4,2
3556,171,4.359830266634689,0.3921568627450981,0.0039215686274509665,6,5,3
2674,128,3.7878983327586355,0.3921568627450981,0.011764705882352941,6,5,2
4563,123,3.891848162796266,0.3921568627450981,0.00784313725490196,9,4,2
34508,134,4.479138709979544,0.3921568627450981,0.25098039215686274,9,7,2
39992,173,4.495219383826268,0.3921568627450981,0.01568627450980392,2,0,2
35602,138,4.181806404634713,0.3921568627450981,0.00784313725490196,9,7,2
22356,162,4.606811732710402,0.3921568627450981,0.00392156862745098,8,9,2
39004,156,4.339325109595572,0.3921568627450981,0.00784313725490196,8,5,2
38285,105,3.4664847791872377,0.3921568627450981,0.00392156862745098,3,7,2
19539,150,4.380234167811086,0.3921568627450981,0.00392156862745098,9,4,2
7122,111,3.699912194891101,0.3921568627450981,0.0392156862745098,9,7,2
34497,115,3.7911307085369454,0.3921568627450981,0.11372549019607843,2,5,2
23100,132,3.925380500318395,0.3921568627450981,0.0196078431372549,9,4,2
26078,167,4.634924174879452,0.3921568627450981,0.00392156862745098,9,5,2
9866,145,4.149901681691355,0.3921568627450981,0.00784313725490196,8,1,4
13969,161,4.215305044321928,0.3921568627450981,0.00392156862745098,3,5,2
38252,117,3.7042448918971975,0.3921568627450981,0.00392156862745098,3,5,2
10290,156,4.157473133136154,0.3921568627450981,0.007843137254901933,8,6,2
13558,133,3.9295663544402046,0.3921568627450981,0.00784313725490196,9,5,2
29808,185,4.874571324521469,0.3921568627450981,0.00784313725490196,8,9,2
7308,170,4.5788088184677935,0.3921568627450981,0.011764705882352941,8,1,3
27831,122,4.0899291173007395,0.3921568627450981,0.050980392156862744,9,4,2
16391,180,4.6110376911281294,0.3921568627450981,0.00784313725490196,3,5,2
